Date,Trial,Context,Sequence,Response,Correct,RT
2020-09-04,1,Dot,A,L,1,0.43
2020-09-04,2,Dot,A,L,1,0.32
2020-09-04,3,Dot,A,L,1,0.32
2020-09-04,4,Dot,B,L,0,0.33
2020-09-04,5,Dot,B,L,0,0.33
2020-09-04,6,Dot,B,L,0,0.15
2020-09-04,7,Dot,B,L,0,0.22
2020-09-04,8,Dot,B,L,0,0.27
2020-09-04,9,Dot,B,R,1,6.13
2020-09-04,10,Dot,A,L,1,0.22
2020-09-04,11,Dot,B,L,0,0.25
2020-09-04,12,Dot,B,L,0,0.23
2020-09-04,13,Dot,A,L,1,0.19
2020-09-04,14,Dot,B,L,0,0.42
2020-09-04,15,Dot,A,L,1,0.24
2020-09-04,16,Dot,A,L,1,0.2
2020-09-04,17,Dot,B,L,0,0.21
2020-09-04,18,Dot,A,L,1,0.22
2020-09-04,19,Dot,A,L,1,0.24
2020-09-04,20,Dot,B,L,0,0.28
2020-09-04,21,Dot,B,L,0,0.19
2020-09-04,22,Dot,B,L,0,0.27
2020-09-04,23,Dot,A,L,1,0.18
2020-09-04,24,Dot,B,L,0,0.2
2020-09-04,25,Dot,B,L,0,0.22
2020-09-04,26,Dot,A,L,1,0.21
2020-09-04,27,Dot,A,L,1,0.19
2020-09-04,28,Dot,A,L,1,0.23
2020-09-04,29,Dot,A,L,1,0.29
2020-09-04,30,Dot,B,L,0,0.43
2020-09-04,31,Dot,A,L,1,0.21
2020-09-04,32,Dot,A,L,1,0.18
2020-09-04,33,Dot,B,L,0,0.21
2020-09-04,34,Dot,B,L,0,0.65
2020-09-04,35,Dot,B,L,0,0.23
2020-09-04,36,Dot,B,L,0,0.21
2020-09-04,37,Dot,B,L,0,0.2
2020-09-04,38,Dot,A,L,1,0.19
2020-09-04,39,Dot,A,L,1,0.23
2020-09-04,40,Dot,B,L,0,0.26
2020-09-04,41,Dot,B,L,0,0.59
2020-09-04,42,Dot,B,L,0,0.39
2020-09-04,43,Dot,B,L,0,0.24
2020-09-04,44,Dot,A,L,1,0.25
2020-09-04,45,Dot,A,L,1,0.16
2020-09-04,46,Dot,B,L,0,0.41
2020-09-04,47,Dot,B,L,0,0.21
2020-09-04,48,Dot,A,L,1,0.2
2020-09-04,49,Dot,B,R,1,1.16
2020-09-04,50,Dot,A,L,1,0.2
2020-09-04,51,Dot,A,L,1,0.22
2020-09-04,52,Dot,A,L,1,0.35
2020-09-04,53,Dot,A,L,1,0.29
2020-09-04,54,Dot,B,L,0,0.2
2020-09-04,55,Dot,B,L,0,0.39
2020-09-04,56,Dot,A,L,1,0.18
2020-09-04,57,Dot,A,L,1,0.58
2020-09-04,58,Dot,A,L,1,0.26
2020-09-04,59,Dot,B,L,0,0.16
2020-09-04,60,Dot,B,L,0,0.13
2020-09-04,61,Dot,B,L,0,0.22
2020-09-04,62,Dot,A,L,1,0.17
2020-09-04,63,Dot,B,L,0,0.5
2020-09-04,64,Dot,B,L,0,0.41
2020-09-04,65,Dot,B,L,0,2.44
2020-09-04,66,Dot,B,L,0,0.38
2020-09-04,67,Dot,B,L,0,0.32
2020-09-04,68,Dot,B,R,1,1.83
2020-09-04,69,Dot,A,L,1,0.22
2020-09-04,70,Dot,B,L,0,0.27
2020-09-04,71,Dot,A,L,1,0.19
2020-09-04,72,Dot,A,L,1,0.24
2020-09-04,73,Dot,A,L,1,0.23
2020-09-04,74,Dot,A,L,1,0.23
2020-09-04,75,Dot,A,L,1,0.23
2020-09-04,76,Dot,A,L,1,0.21
2020-09-04,77,Dot,A,L,1,0.18
2020-09-04,78,Dot,A,L,1,0.21
2020-09-04,79,Dot,A,L,1,0.23
2020-09-04,80,Dot,A,L,1,0.23
2020-09-07,1,Dot,B,L,0,0.84
2020-09-07,2,Dot,B,L,0,0.44
2020-09-07,3,Dot,A,L,1,0.26
2020-09-07,4,Dot,A,L,1,0.27
2020-09-07,5,Dot,A,L,1,0.28
2020-09-07,6,Dot,B,L,0,0.49
2020-09-07,7,Dot,B,L,0,0.24
2020-09-07,8,Dot,A,L,1,0.22
2020-09-07,9,Dot,A,L,1,0.19
2020-09-07,10,Dot,B,L,0,0.32
2020-09-07,11,Dot,B,L,0,0.21
2020-09-07,12,Dot,A,L,1,0.16
2020-09-07,13,Dot,A,L,1,0.23
2020-09-07,14,Dot,A,L,1,1.17
2020-09-07,15,Dot,B,L,0,0.18
2020-09-07,16,Dot,A,L,1,0.26
2020-09-07,17,Dot,B,L,0,0.51
2020-09-07,18,Dot,B,L,0,0.33
2020-09-07,19,Dot,A,L,1,0.25
2020-09-07,20,Dot,A,L,1,0.19
2020-09-07,21,Dot,B,L,0,0.75
2020-09-07,22,Dot,B,L,0,0.19
2020-09-07,23,Dot,B,L,0,0.16
2020-09-07,24,Dot,A,L,1,0.21
2020-09-07,25,Dot,B,L,0,0.64
2020-09-07,26,Dot,A,L,1,0.18
2020-09-07,27,Dot,A,L,1,0.16
2020-09-07,28,Dot,A,L,1,2.7
2020-09-07,29,Dot,B,L,0,0.21
2020-09-07,30,Dot,B,L,0,0.22
2020-09-07,31,Dot,A,L,1,0.23
2020-09-07,32,Dot,B,L,0,0.22
2020-09-07,33,Dot,B,L,0,5.05
2020-09-07,34,Dot,B,L,0,0.21
2020-09-07,35,Dot,B,L,0,0.3
2020-09-07,36,Dot,A,L,1,0.47
2020-09-07,37,Dot,A,L,1,0.26
2020-09-07,38,Dot,B,L,0,0.29
2020-09-07,39,Dot,A,L,1,0.15
2020-09-07,40,Dot,B,L,0,1.94
2020-09-07,41,Dot,A,L,1,0.16
2020-09-07,42,Dot,B,L,0,0.2
2020-09-07,43,Dot,A,L,1,0.22
2020-09-07,44,Dot,B,L,0,0.35
2020-09-07,45,Dot,B,L,0,0.2
2020-09-07,46,Dot,A,L,1,0.21
2020-09-07,47,Dot,B,L,0,0.17
2020-09-07,48,Dot,B,L,0,0.49
2020-09-07,49,Dot,B,L,0,0.2
2020-09-07,50,Dot,B,L,0,2.53
2020-09-07,51,Dot,B,L,0,0.2
2020-09-07,52,Dot,B,L,0,0.17
2020-09-07,53,Dot,B,L,0,0.21
2020-09-07,54,Dot,B,L,0,0.16
2020-09-07,55,Dot,B,L,0,0.18
2020-09-07,56,Dot,A,L,1,0.18
2020-09-07,57,Dot,B,L,0,1.93
2020-09-07,58,Dot,A,L,1,0.17
2020-09-07,59,Dot,A,L,1,0.18
2020-09-07,60,Dot,A,L,1,0.25
2020-09-07,61,Dot,A,L,1,0.19
2020-09-07,62,Dot,B,L,0,0.57
2020-09-07,63,Dot,B,L,0,0.19
2020-09-07,64,Dot,B,L,0,0.25
2020-09-07,65,Dot,A,L,1,0.18
2020-09-07,66,Dot,A,L,1,0.17
2020-09-07,67,Dot,B,L,0,0.17
2020-09-07,68,Dot,B,L,0,0.16
2020-09-07,69,Dot,A,L,1,0.24
2020-09-07,70,Dot,A,L,1,0.2
2020-09-07,71,Dot,A,L,1,0.25
2020-09-07,72,Dot,A,L,1,0.34
2020-09-07,73,Dot,A,L,1,0.24
2020-09-07,74,Dot,B,L,0,0.18
2020-09-07,75,Dot,A,L,1,0.18
2020-09-07,76,Dot,A,L,1,0.16
2020-09-07,77,Dot,A,L,1,0.26
2020-09-07,78,Dot,A,L,1,1.45
2020-09-07,79,Dot,A,L,1,0.18
2020-09-07,80,Dot,A,L,1,0.14
2020-09-08,1,Dot,A,L,1,0.79
2020-09-08,2,Dot,A,L,1,0.63
2020-09-08,3,Dot,B,L,0,2.41
2020-09-08,4,Dot,A,L,1,0.17
2020-09-08,5,Dot,A,L,1,0.42
2020-09-08,6,Dot,A,L,1,0.23
2020-09-08,7,Dot,B,L,0,0.5
2020-09-08,8,Dot,B,L,0,0.21
2020-09-08,9,Dot,B,L,0,0.22
2020-09-08,10,Dot,A,L,1,0.26
2020-09-08,11,Dot,A,L,1,0.15
2020-09-08,12,Dot,A,L,1,0.24
2020-09-08,13,Dot,B,L,0,0.18
2020-09-08,14,Dot,A,L,1,0.28
2020-09-08,15,Dot,B,L,0,0.21
2020-09-08,16,Dot,A,L,1,0.21
2020-09-08,17,Dot,B,L,0,0.17
2020-09-08,18,Dot,B,L,0,0.97
2020-09-08,19,Dot,B,L,0,0.18
2020-09-08,20,Dot,B,L,0,0.19
2020-09-08,21,Dot,A,L,1,0.18
2020-09-08,22,Dot,A,L,1,0.19
2020-09-08,23,Dot,A,L,1,0.21
2020-09-08,24,Dot,B,L,0,0.21
2020-09-08,25,Dot,A,L,1,0.17
2020-09-08,26,Dot,A,L,1,0.3
2020-09-08,27,Dot,A,L,1,0.21
2020-09-08,28,Dot,B,L,0,0.21
2020-09-08,29,Dot,A,L,1,0.17
2020-09-08,30,Dot,B,L,0,0.44
2020-09-08,31,Dot,B,R,1,0.71
2020-09-08,32,Dot,B,L,0,0.22
2020-09-08,33,Dot,B,R,1,0.52
2020-09-08,34,Dot,B,L,0,0.24
2020-09-08,35,Dot,B,L,0,2.08
2020-09-08,36,Dot,B,R,1,0.58
2020-09-08,37,Dot,A,L,1,0.24
2020-09-08,38,Dot,B,L,0,0.23
2020-09-08,39,Dot,B,L,0,0.21
2020-09-08,40,Dot,A,L,1,0.22
2020-09-08,41,Dot,B,L,0,0.18
2020-09-08,42,Dot,A,L,1,0.19
2020-09-08,43,Dot,B,L,0,0.19
2020-09-08,44,Dot,A,L,1,0.17
2020-09-08,45,Dot,A,L,1,0.21
2020-09-08,46,Dot,A,L,1,0.23
2020-09-08,47,Dot,B,L,0,0.2
2020-09-08,48,Dot,B,L,0,0.21
2020-09-08,49,Dot,A,L,1,0.44
2020-09-08,50,Dot,A,L,1,0.39
2020-09-08,51,Dot,A,L,1,0.18
2020-09-08,52,Dot,A,L,1,0.2
2020-09-08,53,Dot,A,L,1,0.23
2020-09-08,54,Dot,A,L,1,0.41
2020-09-08,55,Dot,A,L,1,0.47
2020-09-08,56,Dot,B,R,1,0.76
2020-09-08,57,Dot,B,L,0,0.25
2020-09-08,58,Dot,B,R,1,5.71
2020-09-08,59,Dot,B,L,0,0.21
2020-09-08,60,Dot,B,L,0,0.16
2020-09-08,61,Dot,B,L,0,0.36
2020-09-08,62,Dot,B,L,0,0.25
2020-09-08,63,Dot,B,L,0,0.15
2020-09-08,64,Dot,A,L,1,0.18
2020-09-08,65,Dot,A,L,1,0.27
2020-09-08,66,Dot,B,L,0,0.15
2020-09-08,67,Dot,A,L,1,0.2
2020-09-08,68,Dot,B,L,0,0.47
2020-09-08,69,Dot,A,R,0,0.45
2020-09-08,70,Dot,A,L,1,0.21
2020-09-08,71,Dot,B,L,0,0.24
2020-09-08,72,Dot,A,L,1,0.4
2020-09-08,73,Dot,B,L,0,5.01
2020-09-08,74,Dot,B,L,0,0.28
2020-09-08,75,Dot,A,L,1,0.38
2020-09-08,76,Dot,A,L,1,0.36
2020-09-08,77,Dot,B,R,1,0.5
2020-09-08,78,Dot,A,L,1,0.43
2020-09-08,79,Dot,A,L,1,0.24
2020-09-08,80,Dot,B,L,0,0.43
2020-09-09,1,Dot,B,R,1,0.72
2020-09-09,2,Dot,B,L,0,0.23
2020-09-09,3,Dot,A,L,1,0.28
2020-09-09,4,Dot,A,L,1,0.21
2020-09-09,5,Dot,B,L,0,2.04
2020-09-09,6,Dot,B,L,0,0.27
2020-09-09,7,Dot,B,L,0,0.22
2020-09-09,8,Dot,B,L,0,1.73
2020-09-09,9,Dot,B,L,0,0.38
2020-09-09,10,Dot,B,L,0,0.16
2020-09-09,11,Dot,A,L,1,0.19
2020-09-09,12,Dot,B,L,0,0.22
2020-09-09,13,Dot,A,L,1,0.19
2020-09-09,14,Dot,B,L,0,0.19
2020-09-09,15,Dot,B,L,0,0.98
2020-09-09,16,Dot,A,L,1,0.18
2020-09-09,17,Dot,B,L,0,0.23
2020-09-09,18,Dot,A,L,1,0.27
2020-09-09,19,Dot,A,L,1,0.4
2020-09-09,20,Dot,B,L,0,0.34
2020-09-09,21,Dot,B,L,0,0.18
2020-09-09,22,Dot,B,R,1,0.4
2020-09-09,23,Dot,A,L,1,0.2
2020-09-09,24,Dot,B,L,0,0.2
2020-09-09,25,Dot,A,L,1,0.26
2020-09-09,26,Dot,B,L,0,1.84
2020-09-09,27,Dot,A,L,1,0.19
2020-09-09,28,Dot,B,L,0,0.4
2020-09-09,29,Dot,A,L,1,0.18
2020-09-09,30,Dot,A,L,1,0.2
2020-09-09,31,Dot,A,L,1,0.37
2020-09-09,32,Dot,B,R,1,0.72
2020-09-09,33,Dot,B,R,1,0.72
2020-09-09,34,Dot,A,L,1,0.32
2020-09-09,35,Dot,A,L,1,0.25
2020-09-09,36,Dot,A,L,1,0.33
2020-09-09,37,Dot,B,L,0,0.19
2020-09-09,38,Dot,A,L,1,0.83
2020-09-09,39,Dot,B,L,0,0.42
2020-09-09,40,Dot,A,L,1,0.67
2020-09-09,41,Dot,A,L,1,1.22
2020-09-09,42,Dot,A,L,1,0.2
2020-09-09,43,Dot,B,L,0,0.48
2020-09-09,44,Dot,A,L,1,0.4
2020-09-09,45,Dot,B,L,0,0.18
2020-09-09,46,Dot,A,L,1,0.19
2020-09-09,47,Dot,A,L,1,0.23
2020-09-09,48,Dot,A,L,1,0.19
2020-09-09,49,Dot,B,L,0,0.35
2020-09-09,50,Dot,B,L,0,1.59
2020-09-09,51,Dot,B,L,0,1.82
2020-09-09,52,Dot,B,L,0,0.17
2020-09-09,53,Dot,B,L,0,0.27
2020-09-09,54,Dot,A,L,1,0.22
2020-09-09,55,Dot,A,L,1,0.18
2020-09-09,56,Dot,B,L,0,0.2
2020-09-09,57,Dot,A,L,1,0.16
2020-09-09,58,Dot,A,L,1,0.22
2020-09-09,59,Dot,B,L,0,0.17
2020-09-09,60,Dot,A,L,1,0.19
2020-09-09,61,Dot,A,L,1,1.63
2020-09-09,62,Dot,A,L,1,0.21
2020-09-09,63,Dot,B,L,0,0.17
2020-09-09,64,Dot,A,L,1,0.21
2020-09-09,65,Dot,A,L,1,0.15
2020-09-09,66,Dot,B,L,0,0.26
2020-09-09,67,Dot,A,L,1,0.22
2020-09-09,68,Dot,A,L,1,0.44
2020-09-09,69,Dot,B,L,0,0.18
2020-09-09,70,Dot,A,L,1,0.26
2020-09-09,71,Dot,A,L,1,0.63
2020-09-09,72,Dot,A,L,1,0.16
2020-09-09,73,Dot,A,L,1,0.2
2020-09-09,74,Dot,A,L,1,0.26
2020-09-09,75,Dot,B,L,0,0.2
2020-09-09,76,Dot,B,L,0,0.2
2020-09-09,77,Dot,B,L,0,0.14
2020-09-09,78,Dot,B,L,0,0.3
2020-09-09,79,Dot,B,L,0,0.17
2020-09-09,80,Dot,B,L,0,0.9
2020-09-10,1,Dot,B,R,1,0.59
2020-09-10,2,Dot,A,L,1,0.54
2020-09-10,3,Dot,A,L,1,0.24
2020-09-10,4,Dot,A,L,1,0.31
2020-09-10,5,Dot,A,L,1,0.6
2020-09-10,6,Dot,A,L,1,0.74
2020-09-10,7,Dot,B,L,0,0.32
2020-09-10,8,Dot,B,L,0,0.31
2020-09-10,9,Dot,B,R,1,0.66
2020-09-10,10,Dot,A,L,1,0.82
2020-09-10,11,Dot,B,R,1,1.13
2020-09-10,12,Dot,A,L,1,0.23
2020-09-10,13,Dot,B,L,0,0.2
2020-09-10,14,Dot,A,L,1,0.17
2020-09-10,15,Dot,B,L,0,0.2
2020-09-10,16,Dot,A,R,0,0.59
2020-09-10,17,Dot,B,L,0,0.88
2020-09-10,18,Dot,A,L,1,0.32
2020-09-10,19,Dot,B,R,1,0.27
2020-09-10,20,Dot,B,L,0,0.14
2020-09-10,21,Dot,B,L,0,0.23
2020-09-10,22,Dot,B,L,0,0.21
2020-09-10,23,Dot,A,R,0,0.22
2020-09-10,24,Dot,A,L,1,0.34
2020-09-10,25,Dot,B,L,0,0.14
2020-09-10,26,Dot,B,L,0,0.17
2020-09-10,27,Dot,B,L,0,0.17
2020-09-10,28,Dot,B,L,0,0.15
2020-09-10,29,Dot,B,R,1,0.56
2020-09-10,30,Dot,A,R,0,0.28
2020-09-10,31,Dot,A,R,0,0.52
2020-09-10,32,Dot,A,R,0,0.25
2020-09-10,33,Dot,A,R,0,0.35
2020-09-10,34,Dot,A,L,1,0.18
2020-09-10,35,Dot,A,R,0,0.47
2020-09-10,36,Dot,B,R,1,0.37
2020-09-10,37,Dot,B,L,0,0.3
2020-09-10,38,Dot,B,R,1,0.51
2020-09-10,39,Dot,A,L,1,0.8
2020-09-10,40,Dot,B,L,0,0.18
2020-09-10,41,Dot,A,L,1,0.2
2020-09-10,42,Dot,A,R,0,0.22
2020-09-10,43,Dot,A,L,1,0.19
2020-09-10,44,Dot,B,R,1,0.4
2020-09-10,45,Dot,A,L,1,0.4
2020-09-10,46,Dot,B,L,0,0.28
2020-09-10,47,Dot,B,L,0,0.18
2020-09-10,48,Dot,B,R,1,0.2
2020-09-10,49,Dot,B,L,0,1.03
2020-09-10,50,Dot,B,R,1,2.22
2020-09-10,51,Dot,A,R,0,0.83
2020-09-10,52,Dot,B,L,0,0.18
2020-09-10,53,Dot,A,R,0,0.26
2020-09-10,54,Dot,A,R,0,0.37
2020-09-10,55,Dot,A,L,1,0.32
2020-09-10,56,Dot,A,R,0,0.57
2020-09-10,57,Dot,A,L,1,0.19
2020-09-10,58,Dot,A,L,1,0.2
2020-09-10,59,Dot,A,R,0,0.23
2020-09-10,60,Dot,A,L,1,0.17
2020-09-10,61,Dot,A,L,1,0.21
2020-09-10,62,Dot,A,L,1,0.2
2020-09-10,63,Dot,A,R,0,0.32
2020-09-10,64,Dot,A,L,1,0.43
2020-09-10,65,Dot,B,R,1,0.44
2020-09-10,66,Dot,B,R,1,0.17
2020-09-10,67,Dot,A,R,0,0.2
2020-09-10,68,Dot,B,L,0,0.13
2020-09-10,69,Dot,B,L,0,5.62
2020-09-10,70,Dot,B,L,0,0.18
2020-09-10,71,Dot,A,L,1,0.16
2020-09-10,72,Dot,A,L,1,0.17
2020-09-10,73,Dot,B,L,0,0.2
2020-09-10,74,Dot,A,L,1,0.17
2020-09-10,75,Dot,B,L,0,1.92
2020-09-10,76,Dot,B,L,0,0.17
2020-09-10,77,Dot,B,R,1,0.26
2020-09-10,78,Dot,B,L,0,0.18
2020-09-10,79,Dot,B,L,0,0.21
2020-09-10,80,Dot,B,L,0,0.27
2020-09-11,1,Dot,B,L,0,0.57
2020-09-11,2,Dot,A,R,0,0.24
2020-09-11,3,Dot,A,R,0,0.71
2020-09-11,4,Dot,B,R,1,0.47
2020-09-11,5,Dot,A,L,1,0.27
2020-09-11,6,Dot,B,R,1,0.43
2020-09-11,7,Dot,B,L,0,0.19
2020-09-11,8,Dot,B,L,0,0.25
2020-09-11,9,Dot,A,R,0,0.46
2020-09-11,10,Dot,B,L,0,0.19
2020-09-11,11,Dot,A,L,1,0.23
2020-09-11,12,Dot,A,R,0,0.25
2020-09-11,13,Dot,A,L,1,0.34
2020-09-11,14,Dot,B,R,1,1.61
2020-09-11,15,Dot,B,R,1,2.05
2020-09-11,16,Dot,A,L,1,0.25
2020-09-11,17,Dot,A,L,1,0.27
2020-09-11,18,Dot,A,L,1,0.15
2020-09-11,19,Dot,A,L,1,0.26
2020-09-11,20,Dot,B,L,0,0.15
2020-09-11,21,Dot,A,R,0,0.45
2020-09-11,22,Dot,B,L,0,0.19
2020-09-11,23,Dot,A,L,1,0.22
2020-09-11,24,Dot,B,L,0,0.17
2020-09-11,25,Dot,A,L,1,1.49
2020-09-11,26,Dot,B,R,1,0.48
2020-09-11,27,Dot,A,L,1,0.19
2020-09-11,28,Dot,B,L,0,1.82
2020-09-11,29,Dot,A,L,1,1.21
2020-09-11,30,Dot,B,L,0,1.25
2020-09-11,31,Dot,B,L,0,0.18
2020-09-11,32,Dot,B,L,0,0.92
2020-09-11,33,Dot,A,R,0,0.37
2020-09-11,34,Dot,B,R,1,0.25
2020-09-11,35,Dot,B,R,1,0.33
2020-09-11,36,Dot,A,L,1,0.16
2020-09-11,37,Dot,A,L,1,0.14
2020-09-11,38,Dot,A,L,1,0.26
2020-09-11,39,Dot,B,R,1,0.19
2020-09-11,40,Dot,A,R,0,0.21
2020-09-11,41,Dot,A,R,0,0.17
2020-09-11,42,Dot,A,L,1,0.17
2020-09-11,43,Dot,A,L,1,0.25
2020-09-11,44,Dot,B,R,1,0.26
2020-09-11,45,Dot,A,R,0,0.28
2020-09-11,46,Dot,A,R,0,0.27
2020-09-11,47,Dot,B,L,0,0.18
2020-09-11,48,Dot,B,L,0,0.19
2020-09-11,49,Dot,B,R,1,0.27
2020-09-11,50,Dot,A,R,0,0.43
2020-09-11,51,Dot,B,L,0,0.21
2020-09-11,52,Dot,A,L,1,0.21
2020-09-11,53,Dot,B,R,1,1.11
2020-09-11,54,Dot,A,R,0,0.23
2020-09-11,55,Dot,B,R,1,0.2
2020-09-11,56,Dot,B,L,0,0.22
2020-09-11,57,Dot,B,R,1,0.36
2020-09-11,58,Dot,A,R,0,0.27
2020-09-11,59,Dot,A,L,1,0.21
2020-09-11,60,Dot,B,R,1,0.46
2020-09-11,61,Dot,B,R,1,0.28
2020-09-11,62,Dot,A,R,0,0.45
2020-09-11,63,Dot,A,L,1,0.29
2020-09-11,64,Dot,A,R,0,0.37
2020-09-11,65,Dot,B,L,0,0.17
2020-09-11,66,Dot,A,L,1,0.21
2020-09-11,67,Dot,B,L,0,0.17
2020-09-11,68,Dot,A,R,0,0.22
2020-09-11,69,Dot,A,R,0,0.5
2020-09-11,70,Dot,A,R,0,0.15
2020-09-11,71,Dot,A,R,0,0.28
2020-09-11,72,Dot,B,L,0,0.22
2020-09-11,73,Dot,A,R,0,0.19
2020-09-11,74,Dot,B,R,1,0.72
2020-09-11,75,Dot,B,R,1,0.24
2020-09-11,76,Dot,B,L,0,0.25
2020-09-11,77,Dot,B,R,1,0.28
2020-09-11,78,Dot,B,L,0,1.32
2020-09-11,79,Dot,B,R,1,5.97
2020-09-11,80,Dot,B,R,1,0.23
2020-09-12,1,Dot,A,L,1,0.3
2020-09-12,2,Dot,B,R,1,0.89
2020-09-12,3,Dot,B,R,1,0.97
2020-09-12,4,Dot,A,R,0,0.25
2020-09-12,5,Dot,A,R,0,0.23
2020-09-12,6,Dot,A,L,1,0.19
2020-09-12,7,Dot,B,L,0,0.16
2020-09-12,8,Dot,A,R,0,0.47
2020-09-12,9,Dot,A,R,0,0.26
2020-09-12,10,Dot,B,R,1,0.36
2020-09-12,11,Dot,B,L,0,0.16
2020-09-12,12,Dot,A,L,1,0.33
2020-09-12,13,Dot,B,R,1,0.42
2020-09-12,14,Dot,A,R,0,0.26
2020-09-12,15,Dot,B,L,0,0.26
2020-09-12,16,Dot,A,L,1,0.34
2020-09-12,17,Dot,A,R,0,0.23
2020-09-12,18,Dot,B,L,0,0.14
2020-09-12,19,Dot,B,L,0,0.12
2020-09-12,20,Dot,B,L,0,0.21
2020-09-12,21,Dot,B,R,1,0.4
2020-09-12,22,Dot,A,L,1,0.19
2020-09-12,23,Dot,B,R,1,0.4
2020-09-12,24,Dot,A,R,0,0.19
2020-09-12,25,Dot,A,L,1,0.19
2020-09-12,26,Dot,B,L,0,1.02
2020-09-12,27,Dot,A,L,1,0.16
2020-09-12,28,Dot,B,L,0,0.18
2020-09-12,29,Dot,A,R,0,0.18
2020-09-12,30,Dot,B,L,0,0.59
2020-09-12,31,Dot,B,R,1,0.36
2020-09-12,32,Dot,A,L,1,0.26
2020-09-12,33,Dot,A,R,0,0.26
2020-09-12,34,Dot,B,R,1,0.41
2020-09-12,35,Dot,A,R,0,0.23
2020-09-12,36,Dot,A,R,0,0.31
2020-09-12,37,Dot,B,L,0,0.2
2020-09-12,38,Dot,A,L,1,0.26
2020-09-12,39,Dot,A,L,1,0.89
2020-09-12,40,Dot,B,R,1,0.45
2020-09-12,41,Dot,A,L,1,0.2
2020-09-12,42,Dot,A,L,1,0.21
2020-09-12,43,Dot,A,L,1,0.44
2020-09-12,44,Dot,B,R,1,0.59
2020-09-12,45,Dot,A,R,0,0.55
2020-09-12,46,Dot,A,L,1,0.29
2020-09-12,47,Dot,B,R,1,0.18
2020-09-12,48,Dot,B,R,1,3.15
2020-09-12,49,Dot,B,R,1,0.41
2020-09-12,50,Dot,A,L,1,0.65
2020-09-12,51,Dot,B,R,1,0.56
2020-09-12,52,Dot,A,L,1,0.37
2020-09-12,53,Dot,A,R,0,0.23
2020-09-12,54,Dot,B,R,1,0.61
2020-09-12,55,Dot,B,R,1,0.27
2020-09-12,56,Dot,B,L,0,0.42
2020-09-12,57,Dot,B,R,1,0.32
2020-09-12,58,Dot,B,R,1,0.17
2020-09-12,59,Dot,B,R,1,0.2
2020-09-12,60,Dot,A,R,0,0.48
2020-09-12,61,Dot,B,R,1,0.6
2020-09-12,62,Dot,A,R,0,0.34
2020-09-12,63,Dot,B,R,1,0.26
2020-09-12,64,Dot,A,R,0,0.27
2020-09-12,65,Dot,B,R,1,0.28
2020-09-12,66,Dot,B,R,1,0.25
2020-09-12,67,Dot,A,R,0,0.24
2020-09-12,68,Dot,B,R,1,0.38
2020-09-12,69,Dot,B,R,1,0.59
2020-09-12,70,Dot,A,R,0,0.33
2020-09-12,71,Dot,B,L,0,0.31
2020-09-12,72,Dot,B,R,1,0.69
2020-09-12,73,Dot,A,R,0,0.39
2020-09-12,74,Dot,A,R,0,0.26
2020-09-12,75,Dot,B,R,1,0.24
2020-09-12,76,Dot,A,R,0,0.5
2020-09-12,77,Dot,B,L,0,0.24
2020-09-12,78,Dot,A,R,0,0.24
2020-09-12,79,Dot,A,R,0,0.2
2020-09-12,80,Dot,A,R,0,0.21
2020-09-14,1,Dot,A,L,1,0.28
2020-09-14,2,Dot,A,R,0,0.22
2020-09-14,3,Dot,B,R,1,0.21
2020-09-14,4,Dot,B,L,0,0.18
2020-09-14,5,Dot,B,R,1,0.45
2020-09-14,6,Dot,B,R,1,0.41
2020-09-14,7,Dot,B,R,1,1.33
2020-09-14,8,Dot,B,L,0,0.78
2020-09-14,9,Dot,B,R,1,0.5
2020-09-14,10,Dot,B,R,1,0.37
2020-09-14,11,Dot,B,R,1,0.24
2020-09-14,12,Dot,B,R,1,0.57
2020-09-14,13,Dot,B,R,1,0.24
2020-09-14,14,Dot,B,L,0,0.22
2020-09-14,15,Dot,A,R,0,0.42
2020-09-14,16,Dot,B,R,1,0.24
2020-09-14,17,Dot,A,L,1,0.19
2020-09-14,18,Dot,A,R,0,0.17
2020-09-14,19,Dot,A,R,0,0.21
2020-09-14,20,Dot,B,L,0,0.19
2020-09-14,21,Dot,A,R,0,0.37
2020-09-14,22,Dot,A,L,1,0.15
2020-09-14,23,Dot,B,R,1,0.36
2020-09-14,24,Dot,A,R,0,0.4
2020-09-14,25,Dot,A,L,1,0.16
2020-09-14,26,Dot,B,L,0,0.17
2020-09-14,27,Dot,A,R,0,0.68
2020-09-14,28,Dot,A,L,1,0.22
2020-09-14,29,Dot,A,L,1,0.38
2020-09-14,30,Dot,B,L,0,0.31
2020-09-14,31,Dot,B,L,0,0.21
2020-09-14,32,Dot,A,L,1,0.18
2020-09-14,33,Dot,B,L,0,0.5
2020-09-14,34,Dot,B,R,1,0.3
2020-09-14,35,Dot,A,L,1,0.25
2020-09-14,36,Dot,B,R,1,0.41
2020-09-14,37,Dot,B,R,1,0.96
2020-09-14,38,Dot,B,R,1,0.24
2020-09-14,39,Dot,B,L,0,0.22
2020-09-14,40,Dot,B,R,1,0.5
2020-09-14,41,Dot,A,L,1,0.16
2020-09-14,42,Dot,A,L,1,0.16
2020-09-14,43,Dot,A,R,0,0.17
2020-09-14,44,Dot,B,R,1,0.19
2020-09-14,45,Dot,B,R,1,0.26
2020-09-14,46,Dot,B,R,1,1.6
2020-09-14,47,Dot,B,L,0,0.46
2020-09-14,48,Dot,B,R,1,0.18
2020-09-14,49,Dot,A,L,1,0.18
2020-09-14,50,Dot,B,R,1,0.29
2020-09-14,51,Dot,B,R,1,1.17
2020-09-14,52,Dot,B,R,1,0.64
2020-09-14,53,Dot,A,L,1,0.15
2020-09-14,54,Dot,B,L,0,0.27
2020-09-14,55,Dot,B,L,0,0.26
2020-09-14,56,Dot,B,L,0,0.17
2020-09-14,57,Dot,B,R,1,1.97
2020-09-14,58,Dot,A,R,0,0.35
2020-09-14,59,Dot,B,R,1,0.33
2020-09-14,60,Dot,B,L,0,0.22
2020-09-14,61,Dot,A,R,0,0.37
2020-09-14,62,Dot,B,L,0,0.21
2020-09-14,63,Dot,A,R,0,0.61
2020-09-14,64,Dot,A,R,0,0.5
2020-09-14,65,Dot,A,R,0,0.41
2020-09-14,66,Dot,A,R,0,0.6
2020-09-14,67,Dot,A,R,0,0.41
2020-09-14,68,Dot,A,L,1,0.53
2020-09-14,69,Dot,A,R,0,0.84
2020-09-14,70,Dot,A,R,0,0.18
2020-09-14,71,Dot,A,L,1,0.32
2020-09-14,72,Dot,A,R,0,0.22
2020-09-14,73,Dot,A,L,1,0.26
2020-09-14,74,Dot,A,L,1,0.17
2020-09-14,75,Dot,A,R,0,0.22
2020-09-14,76,Dot,A,L,1,0.31
2020-09-14,77,Dot,A,L,1,0.25
2020-09-14,78,Dot,A,R,0,0.59
2020-09-14,79,Dot,A,L,1,0.29
2020-09-14,80,Dot,A,R,0,0.2
2020-09-15,1,Dot,B,L,0,0.23
2020-09-15,2,Dot,A,L,1,0.25
2020-09-15,3,Dot,B,R,1,0.52
2020-09-15,4,Dot,A,R,0,0.49
2020-09-15,5,Dot,B,R,1,0.33
2020-09-15,6,Dot,B,L,0,0.14
2020-09-15,7,Dot,B,R,1,0.28
2020-09-15,8,Dot,A,L,1,0.24
2020-09-15,9,Dot,A,L,1,0.27
2020-09-15,10,Dot,A,L,1,0.21
2020-09-15,11,Dot,B,R,1,0.5
2020-09-15,12,Dot,B,R,1,0.57
2020-09-15,13,Dot,B,R,1,0.62
2020-09-15,14,Dot,B,L,0,0.41
2020-09-15,15,Dot,B,L,0,0.2
2020-09-15,16,Dot,A,L,1,0.27
2020-09-15,17,Dot,B,L,0,0.24
2020-09-15,18,Dot,A,R,0,0.47
2020-09-15,19,Dot,B,R,1,0.18
2020-09-15,20,Dot,B,L,0,0.19
2020-09-15,21,Dot,B,R,1,0.22
2020-09-15,22,Dot,A,R,0,0.33
2020-09-15,23,Dot,A,R,0,0.3
2020-09-15,24,Dot,B,R,1,0.26
2020-09-15,25,Dot,A,L,1,0.34
2020-09-15,26,Dot,B,R,1,0.17
2020-09-15,27,Dot,A,L,1,0.21
2020-09-15,28,Dot,B,L,0,0.44
2020-09-15,29,Dot,B,R,1,0.19
2020-09-15,30,Dot,B,R,1,0.29
2020-09-15,31,Dot,A,L,1,0.29
2020-09-15,32,Dot,B,R,1,0.17
2020-09-15,33,Dot,B,R,1,0.28
2020-09-15,34,Dot,A,R,0,0.45
2020-09-15,35,Dot,A,L,1,0.18
2020-09-15,36,Dot,B,L,0,0.44
2020-09-15,37,Dot,A,R,0,0.42
2020-09-15,38,Dot,B,R,1,1.51
2020-09-15,39,Dot,B,R,1,0.26
2020-09-15,40,Dot,A,L,1,0.21
2020-09-15,41,Dot,A,R,0,0.22
2020-09-15,42,Dot,B,L,0,0.17
2020-09-15,43,Dot,B,L,0,0.24
2020-09-15,44,Dot,A,L,1,0.29
2020-09-15,45,Dot,B,L,0,0.14
2020-09-15,46,Dot,A,L,1,0.16
2020-09-15,47,Dot,A,R,0,0.24
2020-09-15,48,Dot,B,R,1,0.21
2020-09-15,49,Dot,B,R,1,0.33
2020-09-15,50,Dot,A,L,1,0.18
2020-09-15,51,Dot,B,R,1,0.93
2020-09-15,52,Dot,B,L,0,0.48
2020-09-15,53,Dot,B,R,1,0.34
2020-09-15,54,Dot,B,R,1,0.42
2020-09-15,55,Dot,B,R,1,0.32
2020-09-15,56,Dot,B,R,1,0.36
2020-09-15,57,Dot,B,R,1,0.5
2020-09-15,58,Dot,B,R,1,0.34
2020-09-15,59,Dot,A,L,1,0.37
2020-09-15,60,Dot,A,L,1,0.24
2020-09-15,61,Dot,A,L,1,0.27
2020-09-15,62,Dot,B,R,1,0.51
2020-09-15,63,Dot,B,R,1,0.83
2020-09-15,64,Dot,B,R,1,1.22
2020-09-15,65,Dot,A,L,1,0.18
2020-09-15,66,Dot,A,R,0,0.39
2020-09-15,67,Dot,A,L,1,0.44
2020-09-15,68,Dot,A,L,1,0.18
2020-09-15,69,Dot,A,L,1,0.19
2020-09-15,70,Dot,A,R,0,0.29
2020-09-15,71,Dot,A,L,1,0.51
2020-09-15,72,Dot,A,L,1,0.22
2020-09-15,73,Dot,A,L,1,0.23
2020-09-15,74,Dot,A,L,1,0.16
2020-09-15,75,Dot,A,L,1,0.36
2020-09-15,76,Dot,A,L,1,0.3
2020-09-15,77,Dot,A,L,1,0.26
2020-09-15,78,Dot,A,L,1,0.24
2020-09-15,79,Dot,A,L,1,0.26
2020-09-15,80,Dot,A,L,1,0.27
2020-09-16,1,Dot,A,L,1,0.27
2020-09-16,2,Dot,B,L,0,0.29
2020-09-16,3,Dot,A,R,0,0.4
2020-09-16,4,Dot,A,R,0,0.17
2020-09-16,5,Dot,A,L,1,0.21
2020-09-16,6,Dot,B,R,1,0.39
2020-09-16,7,Dot,B,R,1,0.57
2020-09-16,8,Dot,B,R,1,0.24
2020-09-16,9,Dot,A,L,1,0.25
2020-09-16,10,Dot,B,R,1,0.18
2020-09-16,11,Dot,A,R,0,1.13
2020-09-16,12,Dot,A,R,0,0.2
2020-09-16,13,Dot,A,L,1,0.23
2020-09-16,14,Dot,A,R,0,0.34
2020-09-16,15,Dot,B,R,1,0.25
2020-09-16,16,Dot,A,L,1,0.64
2020-09-16,17,Dot,A,L,1,0.49
2020-09-16,18,Dot,A,L,1,0.25
2020-09-16,19,Dot,A,L,1,0.18
2020-09-16,20,Dot,A,L,1,0.15
2020-09-16,21,Dot,B,R,1,0.35
2020-09-16,22,Dot,A,R,0,0.28
2020-09-16,23,Dot,A,R,0,0.31
2020-09-16,24,Dot,A,R,0,0.14
2020-09-16,25,Dot,B,R,1,5.28
2020-09-16,26,Dot,B,L,0,0.17
2020-09-16,27,Dot,A,R,0,0.47
2020-09-16,28,Dot,B,R,1,0.22
2020-09-16,29,Dot,A,R,0,0.22
2020-09-16,30,Dot,A,R,0,0.38
2020-09-16,31,Dot,B,L,0,0.17
2020-09-16,32,Dot,B,L,0,0.17
2020-09-16,33,Dot,A,L,1,0.23
2020-09-16,34,Dot,A,L,1,0.24
2020-09-16,35,Dot,B,R,1,0.19
2020-09-16,36,Dot,B,R,1,0.19
2020-09-16,37,Dot,B,L,0,0.82
2020-09-16,38,Dot,B,R,1,0.37
2020-09-16,39,Dot,A,L,1,0.23
2020-09-16,40,Dot,A,L,1,0.18
2020-09-16,41,Dot,A,R,0,0.17
2020-09-16,42,Dot,A,L,1,0.2
2020-09-16,43,Dot,B,L,0,0.46
2020-09-16,44,Dot,B,R,1,0.27
2020-09-16,45,Dot,B,R,1,0.19
2020-09-16,46,Dot,B,L,0,0.22
2020-09-16,47,Dot,A,L,1,0.25
2020-09-16,48,Dot,B,R,1,0.15
2020-09-16,49,Dot,A,R,0,0.32
2020-09-16,50,Dot,B,R,1,0.35
2020-09-16,51,Dot,B,L,0,0.19
2020-09-16,52,Dot,A,L,1,0.18
2020-09-16,53,Dot,B,R,1,0.25
2020-09-16,54,Dot,A,L,1,0.21
2020-09-16,55,Dot,B,L,0,0.14
2020-09-16,56,Dot,B,L,0,0.31
2020-09-16,57,Dot,B,R,1,0.18
2020-09-16,58,Dot,B,R,1,0.22
2020-09-16,59,Dot,B,R,1,0.23
2020-09-16,60,Dot,B,R,1,0.65
2020-09-16,61,Dot,B,R,1,0.26
2020-09-16,62,Dot,B,L,0,0.2
2020-09-16,63,Dot,B,R,1,0.4
2020-09-16,64,Dot,B,R,1,0.22
2020-09-16,65,Dot,B,L,0,0.27
2020-09-16,66,Dot,A,L,1,0.54
2020-09-16,67,Dot,A,L,1,0.17
2020-09-16,68,Dot,B,L,0,0.18
2020-09-16,69,Dot,B,R,1,0.21
2020-09-16,70,Dot,A,L,1,0.27
2020-09-16,71,Dot,B,R,1,0.26
2020-09-16,72,Dot,B,R,1,0.26
2020-09-16,73,Dot,A,R,0,0.19
2020-09-16,74,Dot,A,L,1,0.26
2020-09-16,75,Dot,A,R,0,0.37
2020-09-16,76,Dot,B,R,1,0.2
2020-09-16,77,Dot,A,R,0,0.24
2020-09-16,78,Dot,A,L,1,0.35
2020-09-16,79,Dot,A,L,1,0.21
2020-09-16,80,Dot,A,L,1,0.26
2020-09-17,1,Dot,B,R,1,0.39
2020-09-17,2,Dot,A,L,1,3.01
2020-09-17,3,Dot,B,R,1,0.24
2020-09-17,4,Dot,A,R,0,0.19
2020-09-17,5,Dot,B,R,1,0.47
2020-09-17,6,Dot,B,R,1,0.62
2020-09-17,7,Dot,B,R,1,0.19
2020-09-17,8,Dot,B,R,1,0.3
2020-09-17,9,Dot,A,L,1,0.18
2020-09-17,10,Dot,B,L,0,0.23
2020-09-17,11,Dot,A,R,0,0.39
2020-09-17,12,Dot,B,L,0,0.15
2020-09-17,13,Dot,A,R,0,0.3
2020-09-17,14,Dot,B,R,1,0.17
2020-09-17,15,Dot,B,R,1,0.16
2020-09-17,16,Dot,B,R,1,0.37
2020-09-17,17,Dot,B,R,1,0.3
2020-09-17,18,Dot,B,L,0,0.14
2020-09-17,19,Dot,A,R,0,0.36
2020-09-17,20,Dot,B,R,1,0.18
2020-09-17,21,Dot,A,L,1,0.26
2020-09-17,22,Dot,B,R,1,0.43
2020-09-17,23,Dot,B,R,1,0.25
2020-09-17,24,Dot,A,R,0,0.21
2020-09-17,25,Dot,A,R,0,0.33
2020-09-17,26,Dot,A,L,1,0.13
2020-09-17,27,Dot,A,L,1,0.14
2020-09-17,28,Dot,B,R,1,0.25
2020-09-17,29,Dot,B,R,1,0.24
2020-09-17,30,Dot,A,R,0,0.22
2020-09-17,31,Dot,A,L,1,0.15
2020-09-17,32,Dot,B,R,1,0.23
2020-09-17,33,Dot,B,R,1,0.21
2020-09-17,34,Dot,B,R,1,0.16
2020-09-17,35,Dot,A,L,1,0.22
2020-09-17,36,Dot,A,L,1,0.23
2020-09-17,37,Dot,A,R,0,0.32
2020-09-17,38,Dot,A,L,1,0.27
2020-09-17,39,Dot,B,R,1,0.28
2020-09-17,40,Dot,B,L,0,0.15
2020-09-17,41,Dot,A,L,1,0.23
2020-09-17,42,Dot,A,L,1,0.14
2020-09-17,43,Dot,A,L,1,0.26
2020-09-17,44,Dot,B,L,0,0.24
2020-09-17,45,Dot,B,R,1,0.38
2020-09-17,46,Dot,A,L,1,0.17
2020-09-17,47,Dot,A,L,1,0.15
2020-09-17,48,Dot,B,R,1,0.19
2020-09-17,49,Dot,B,R,1,0.2
2020-09-17,50,Dot,B,R,1,0.22
2020-09-17,51,Dot,B,R,1,0.2
2020-09-17,52,Dot,B,R,1,0.24
2020-09-17,53,Dot,B,R,1,0.27
2020-09-17,54,Dot,B,R,1,0.27
2020-09-17,55,Dot,B,L,0,0.21
2020-09-17,56,Dot,A,R,0,0.23
2020-09-17,57,Dot,A,R,0,0.24
2020-09-17,58,Dot,B,R,1,0.2
2020-09-17,59,Dot,A,R,0,0.19
2020-09-17,60,Dot,B,R,1,0.18
2020-09-17,61,Dot,B,R,1,0.17
2020-09-17,62,Dot,B,R,1,0.37
2020-09-17,63,Dot,B,R,1,0.59
2020-09-17,64,Dot,B,R,1,0.23
2020-09-17,65,Dot,B,R,1,0.56
2020-09-17,66,Dot,A,L,1,0.18
2020-09-17,67,Dot,A,L,1,0.18
2020-09-17,68,Dot,A,L,1,0.18
2020-09-17,69,Dot,A,R,0,0.2
2020-09-17,70,Dot,A,R,0,0.4
2020-09-17,71,Dot,A,L,1,0.71
2020-09-17,72,Dot,A,L,1,0.17
2020-09-17,73,Dot,A,R,0,0.23
2020-09-17,74,Dot,A,L,1,0.17
2020-09-17,75,Dot,A,L,1,0.24
2020-09-17,76,Dot,A,L,1,0.17
2020-09-17,77,Dot,A,L,1,0.16
2020-09-17,78,Dot,A,L,1,0.23
2020-09-17,79,Dot,A,L,1,0.15
2020-09-17,80,Dot,A,L,1,0.25
2020-09-18,1,Dot,B,R,1,1.2
2020-09-18,2,Dot,B,R,1,0.46
2020-09-18,3,Dot,A,R,0,0.45
2020-09-18,4,Dot,B,R,1,0.2
2020-09-18,5,Dot,A,R,0,0.39
2020-09-18,6,Dot,A,R,0,0.39
2020-09-18,7,Dot,A,R,0,0.3
2020-09-18,8,Dot,A,L,1,0.14
2020-09-18,9,Dot,A,L,1,0.31
2020-09-18,10,Dot,B,R,1,0.26
2020-09-18,11,Dot,B,R,1,1.47
2020-09-18,12,Dot,A,L,1,0.19
2020-09-18,13,Dot,B,R,1,0.39
2020-09-18,14,Dot,A,R,0,0.32
2020-09-18,15,Dot,B,R,1,0.32
2020-09-18,16,Dot,A,R,0,0.31
2020-09-18,17,Dot,B,R,1,0.33
2020-09-18,18,Dot,B,R,1,0.3
2020-09-18,19,Dot,A,L,1,0.47
2020-09-18,20,Dot,B,R,1,0.4
2020-09-18,21,Dot,B,R,1,0.26
2020-09-18,22,Dot,A,R,0,0.26
2020-09-18,23,Dot,B,R,1,0.23
2020-09-18,24,Dot,A,L,1,0.58
2020-09-18,25,Dot,A,L,1,0.2
2020-09-18,26,Dot,A,R,0,0.31
2020-09-18,27,Dot,B,R,1,0.21
2020-09-18,28,Dot,B,R,1,0.39
2020-09-18,29,Dot,B,R,1,0.37
2020-09-18,30,Dot,B,R,1,0.43
2020-09-18,31,Dot,B,R,1,0.71
2020-09-18,32,Dot,A,L,1,0.16
2020-09-18,33,Dot,B,R,1,0.34
2020-09-18,34,Dot,A,R,0,0.48
2020-09-18,35,Dot,A,R,0,0.31
2020-09-18,36,Dot,B,R,1,0.28
2020-09-18,37,Dot,B,R,1,0.45
2020-09-18,38,Dot,A,R,0,0.29
2020-09-18,39,Dot,B,R,1,0.35
2020-09-18,40,Dot,A,L,1,0.26
2020-09-18,41,Dot,B,R,1,0.32
2020-09-18,42,Dot,A,L,1,0.3
2020-09-18,43,Dot,A,L,1,0.3
2020-09-18,44,Dot,B,R,1,0.45
2020-09-18,45,Dot,A,R,0,0.17
2020-09-18,46,Dot,B,R,1,0.34
2020-09-18,47,Dot,B,R,1,0.49
2020-09-18,48,Dot,A,L,1,0.24
2020-09-18,49,Dot,A,L,1,0.9
2020-09-18,50,Dot,B,R,1,0.38
2020-09-18,51,Dot,B,L,0,0.25
2020-09-18,52,Dot,B,R,1,0.29
2020-09-18,53,Dot,B,R,1,0.32
2020-09-18,54,Dot,B,R,1,0.42
2020-09-18,55,Dot,B,R,1,0.43
2020-09-18,56,Dot,A,L,1,0.34
2020-09-18,57,Dot,B,R,1,0.2
2020-09-18,58,Dot,B,R,1,0.2
2020-09-18,59,Dot,B,R,1,0.38
2020-09-18,60,Dot,A,L,1,0.2
2020-09-18,61,Dot,A,R,0,0.56
2020-09-18,62,Dot,A,L,1,0.38
2020-09-18,63,Dot,A,L,1,0.26
2020-09-18,64,Dot,A,L,1,0.26
2020-09-18,65,Dot,A,L,1,0.42
2020-09-18,66,Dot,B,R,1,0.44
2020-09-18,67,Dot,A,R,0,0.34
2020-09-18,68,Dot,A,L,1,0.24
2020-09-18,69,Dot,A,L,1,0.4
2020-09-18,70,Dot,A,L,1,0.15
2020-09-18,71,Dot,A,L,1,0.18
2020-09-18,72,Dot,A,L,1,0.17
2020-09-18,73,Dot,B,L,0,0.52
2020-09-18,74,Dot,B,R,1,0.52
2020-09-18,75,Dot,B,R,1,0.41
2020-09-18,76,Dot,B,R,1,0.34
2020-09-18,77,Dot,A,L,1,0.31
2020-09-18,78,Dot,B,R,1,0.29
2020-09-18,79,Dot,A,R,0,0.6
2020-09-18,80,Dot,A,R,0,0.32
2020-09-19,1,Dot,B,R,1,0.56
2020-09-19,2,Dot,A,R,0,0.7
2020-09-19,3,Dot,B,R,1,0.35
2020-09-19,4,Dot,B,L,0,8.47
2020-09-19,5,Dot,A,L,1,0.35
2020-09-19,6,Dot,B,L,0,0.25
2020-09-19,7,Dot,A,R,0,0.45
2020-09-19,8,Dot,B,R,1,0.24
2020-09-19,9,Dot,B,R,1,0.34
2020-09-19,10,Dot,A,R,0,0.4
2020-09-19,11,Dot,B,R,1,0.65
2020-09-19,12,Dot,A,L,1,0.23
2020-09-19,13,Dot,A,L,1,0.69
2020-09-19,14,Dot,A,R,0,0.2
2020-09-19,15,Dot,B,R,1,0.4
2020-09-19,16,Dot,A,L,1,0.15
2020-09-19,17,Dot,A,L,1,0.15
2020-09-19,18,Dot,B,R,1,0.33
2020-09-19,19,Dot,A,L,1,0.23
2020-09-19,20,Dot,A,L,1,0.19
2020-09-19,21,Dot,A,L,1,0.19
2020-09-19,22,Dot,B,R,1,0.44
2020-09-19,23,Dot,A,R,0,0.55
2020-09-19,24,Dot,A,L,1,0.15
2020-09-19,25,Dot,A,L,1,0.14
2020-09-19,26,Dot,B,R,1,0.25
2020-09-19,27,Dot,B,R,1,0.28
2020-09-19,28,Dot,A,L,1,0.13
2020-09-19,29,Dot,A,R,0,0.26
2020-09-19,30,Dot,B,R,1,0.17
2020-09-19,31,Dot,A,L,1,0.16
2020-09-19,32,Dot,B,R,1,0.26
2020-09-19,33,Dot,B,R,1,0.25
2020-09-19,34,Dot,B,R,1,0.29
2020-09-19,35,Dot,B,R,1,0.35
2020-09-19,36,Dot,A,L,1,0.16
2020-09-19,37,Dot,B,R,1,0.3
2020-09-19,38,Dot,A,L,1,0.34
2020-09-19,39,Dot,A,R,0,0.3
2020-09-19,40,Dot,A,R,0,6.09
2020-09-19,41,Dot,A,L,1,0.23
2020-09-19,42,Dot,B,R,1,0.27
2020-09-19,43,Dot,B,R,1,0.27
2020-09-19,44,Dot,A,R,0,0.38
2020-09-19,45,Dot,A,L,1,0.17
2020-09-19,46,Dot,A,L,1,0.23
2020-09-19,47,Dot,B,R,1,0.28
2020-09-19,48,Dot,A,L,1,0.15
2020-09-19,49,Dot,A,R,0,0.32
2020-09-19,50,Dot,B,R,1,0.43
2020-09-19,51,Dot,A,L,1,0.22
2020-09-19,52,Dot,A,L,1,0.23
2020-09-19,53,Dot,B,R,1,0.36
2020-09-19,54,Dot,B,R,1,0.34
2020-09-19,55,Dot,A,R,0,0.3
2020-09-19,56,Dot,A,L,1,0.17
2020-09-19,57,Dot,B,L,0,0.13
2020-09-19,58,Dot,B,L,0,0.35
2020-09-19,59,Dot,A,L,1,0.29
2020-09-19,60,Dot,A,L,1,0.25
2020-09-19,61,Dot,A,L,1,0.14
2020-09-19,62,Dot,A,L,1,0.16
2020-09-19,63,Dot,A,L,1,0.15
2020-09-19,64,Dot,B,R,1,0.25
2020-09-19,65,Dot,B,R,1,0.29
2020-09-19,66,Dot,B,R,1,0.54
2020-09-19,67,Dot,B,R,1,0.33
2020-09-19,68,Dot,A,L,1,0.19
2020-09-19,69,Dot,B,R,1,0.28
2020-09-19,70,Dot,B,R,1,0.26
2020-09-19,71,Dot,A,R,0,0.3
2020-09-19,72,Dot,A,L,1,0.22
2020-09-19,73,Dot,B,L,0,0.28
2020-09-19,74,Dot,B,R,1,0.25
2020-09-19,75,Dot,B,R,1,0.3
2020-09-19,76,Dot,B,R,1,0.27
2020-09-19,77,Dot,B,R,1,0.29
2020-09-19,78,Dot,B,R,1,0.41
2020-09-19,79,Dot,B,R,1,0.18
2020-09-19,80,Dot,B,R,1,0.22
2020-09-21,1,Dot,A,L,1,0.37
2020-09-21,2,Dot,B,R,1,0.24
2020-09-21,3,Dot,A,R,0,0.21
2020-09-21,4,Dot,A,L,1,0.18
2020-09-21,5,Dot,B,R,1,0.35
2020-09-21,6,Dot,A,R,0,4.82
2020-09-21,7,Dot,B,R,1,0.26
2020-09-21,8,Dot,B,R,1,0.26
2020-09-21,9,Dot,B,R,1,0.37
2020-09-21,10,Dot,A,L,1,0.3
2020-09-21,11,Dot,B,R,1,0.43
2020-09-21,12,Dot,A,L,1,0.24
2020-09-21,13,Dot,B,R,1,0.23
2020-09-21,14,Dot,A,L,1,0.15
2020-09-21,15,Dot,A,L,1,0.4
2020-09-21,16,Dot,B,R,1,0.24
2020-09-21,17,Dot,A,R,0,0.2
2020-09-21,18,Dot,A,R,0,0.22
2020-09-21,19,Dot,B,R,1,0.23
2020-09-21,20,Dot,B,R,1,0.2
2020-09-21,21,Dot,A,R,0,0.25
2020-09-21,22,Dot,B,R,1,0.24
2020-09-21,23,Dot,B,R,1,0.38
2020-09-21,24,Dot,B,R,1,0.35
2020-09-21,25,Dot,A,L,1,0.21
2020-09-21,26,Dot,A,R,0,0.28
2020-09-21,27,Dot,B,R,1,0.23
2020-09-21,28,Dot,A,L,1,0.15
2020-09-21,29,Dot,A,R,0,0.36
2020-09-21,30,Dot,A,R,0,0.2
2020-09-21,31,Dot,B,R,1,0.3
2020-09-21,32,Dot,B,R,1,0.39
2020-09-21,33,Dot,B,R,1,0.24
2020-09-21,34,Dot,B,R,1,0.22
2020-09-21,35,Dot,A,R,0,0.56
2020-09-21,36,Dot,B,R,1,0.19
2020-09-21,37,Dot,A,R,0,0.42
2020-09-21,38,Dot,B,R,1,0.24
2020-09-21,39,Dot,B,R,1,0.17
2020-09-21,40,Dot,A,L,1,0.31
2020-09-21,41,Dot,B,R,1,0.26
2020-09-21,42,Dot,B,R,1,0.27
2020-09-21,43,Dot,A,R,0,0.2
2020-09-21,44,Dot,A,L,1,0.22
2020-09-21,45,Dot,A,L,1,0.3
2020-09-21,46,Dot,A,L,1,0.19
2020-09-21,47,Dot,A,L,1,0.19
2020-09-21,48,Dot,B,R,1,0.37
2020-09-21,49,Dot,B,R,1,0.29
2020-09-21,50,Dot,A,R,0,0.48
2020-09-21,51,Dot,A,L,1,0.2
2020-09-21,52,Dot,A,L,1,0.14
2020-09-21,53,Dot,B,R,1,0.22
2020-09-21,54,Dot,B,R,1,0.36
2020-09-21,55,Dot,B,R,1,0.46
2020-09-21,56,Dot,A,L,1,0.14
2020-09-21,57,Dot,B,R,1,0.19
2020-09-21,58,Dot,B,R,1,0.23
2020-09-21,59,Dot,B,R,1,0.32
2020-09-21,60,Dot,A,R,0,0.26
2020-09-21,61,Dot,B,R,1,0.26
2020-09-21,62,Dot,B,R,1,0.34
2020-09-21,63,Dot,B,R,1,0.88
2020-09-21,64,Dot,A,L,1,0.13
2020-09-21,65,Dot,A,L,1,0.5
2020-09-21,66,Dot,A,L,1,0.16
2020-09-21,67,Dot,A,L,1,0.32
2020-09-21,68,Dot,B,R,1,0.27
2020-09-21,69,Dot,A,R,0,0.91
2020-09-21,70,Dot,B,R,1,0.22
2020-09-21,71,Dot,B,R,1,0.33
2020-09-21,72,Dot,A,L,1,0.19
2020-09-21,73,Dot,B,R,1,0.29
2020-09-21,74,Dot,B,L,0,0.22
2020-09-21,75,Dot,A,L,1,0.6
2020-09-21,76,Dot,A,L,1,0.21
2020-09-21,77,Dot,B,R,1,0.52
2020-09-21,78,Dot,A,R,0,0.5
2020-09-21,79,Dot,A,L,1,0.29
2020-09-21,80,Dot,A,L,1,0.18
2020-09-22,1,Dot,A,R,0,0.24
2020-09-22,2,Dot,A,L,1,0.16
2020-09-22,3,Dot,A,L,1,0.17
2020-09-22,4,Dot,B,R,1,0.46
2020-09-22,5,Dot,B,R,1,0.28
2020-09-22,6,Dot,B,R,1,0.35
2020-09-22,7,Dot,B,R,1,0.27
2020-09-22,8,Dot,B,R,1,0.55
2020-09-22,9,Dot,A,R,0,0.52
2020-09-22,10,Dot,B,R,1,0.43
2020-09-22,11,Dot,A,L,1,0.44
2020-09-22,12,Dot,B,R,1,0.52
2020-09-22,13,Dot,B,R,1,0.58
2020-09-22,14,Dot,B,R,1,0.39
2020-09-22,15,Dot,B,R,1,0.29
2020-09-22,16,Dot,B,R,1,0.54
2020-09-22,17,Dot,B,R,1,0.27
2020-09-22,18,Dot,B,R,1,0.23
2020-09-22,19,Dot,B,R,1,0.25
2020-09-22,20,Dot,B,R,1,0.44
2020-09-22,21,Dot,A,L,1,0.17
2020-09-22,22,Dot,B,R,1,0.35
2020-09-22,23,Dot,B,R,1,0.26
2020-09-22,24,Dot,A,L,1,0.56
2020-09-22,25,Dot,A,L,1,0.18
2020-09-22,26,Dot,A,L,1,1.04
2020-09-22,27,Dot,B,R,1,0.34
2020-09-22,28,Dot,A,L,1,0.34
2020-09-22,29,Dot,A,R,0,0.27
2020-09-22,30,Dot,B,R,1,0.24
2020-09-22,31,Dot,B,R,1,0.18
2020-09-22,32,Dot,B,R,1,0.29
2020-09-22,33,Dot,B,R,1,0.17
2020-09-22,34,Dot,B,R,1,0.34
2020-09-22,35,Dot,A,L,1,0.32
2020-09-22,36,Dot,A,R,0,0.23
2020-09-22,37,Dot,B,R,1,0.32
2020-09-22,38,Dot,B,R,1,0.3
2020-09-22,39,Dot,A,R,0,0.4
2020-09-22,40,Dot,A,R,0,0.29
2020-09-22,41,Dot,A,L,1,0.26
2020-09-22,42,Dot,B,R,1,0.26
2020-09-22,43,Dot,A,L,1,0.34
2020-09-22,44,Dot,B,R,1,0.28
2020-09-22,45,Dot,B,R,1,0.22
2020-09-22,46,Dot,A,R,0,0.34
2020-09-22,47,Dot,B,R,1,0.2
2020-09-22,48,Dot,B,R,1,0.21
2020-09-22,49,Dot,A,L,1,0.72
2020-09-22,50,Dot,A,R,0,0.28
2020-09-22,51,Dot,A,R,0,0.19
2020-09-22,52,Dot,B,L,0,0.23
2020-09-22,53,Dot,B,R,1,0.18
2020-09-22,54,Dot,B,R,1,0.37
2020-09-22,55,Dot,A,R,0,0.28
2020-09-22,56,Dot,A,L,1,0.27
2020-09-22,57,Dot,B,R,1,0.26
2020-09-22,58,Dot,A,L,1,0.15
2020-09-22,59,Dot,A,R,0,0.22
2020-09-22,60,Dot,A,R,0,0.26
2020-09-22,61,Dot,A,L,1,0.2
2020-09-22,62,Dot,B,R,1,0.24
2020-09-22,63,Dot,A,R,0,0.23
2020-09-22,64,Dot,A,R,0,0.28
2020-09-22,65,Dot,A,R,0,0.62
2020-09-22,66,Dot,B,R,1,0.2
2020-09-22,67,Dot,A,L,1,0.55
2020-09-22,68,Dot,B,R,1,0.29
2020-09-22,69,Dot,A,R,0,0.25
2020-09-22,70,Dot,B,L,0,0.24
2020-09-22,71,Dot,B,R,1,0.35
2020-09-22,72,Dot,A,L,1,0.33
2020-09-22,73,Dot,A,R,0,0.35
2020-09-22,74,Dot,B,R,1,0.24
2020-09-22,75,Dot,A,L,1,0.16
2020-09-22,76,Dot,A,L,1,0.17
2020-09-22,77,Dot,A,L,1,0.43
2020-09-22,78,Dot,A,L,1,0.19
2020-09-22,79,Dot,A,L,1,0.16
2020-09-22,80,Dot,A,L,1,1.42
2020-09-23,1,Dot,B,R,1,0.39
2020-09-23,2,Dot,B,R,1,0.33
2020-09-23,3,Dot,B,R,1,0.22
2020-09-23,4,Dot,B,R,1,0.33
2020-09-23,5,Dot,B,R,1,0.2
2020-09-23,6,Dot,B,L,0,0.18
2020-09-23,7,Dot,B,R,1,0.28
2020-09-23,8,Dot,A,R,0,0.35
2020-09-23,9,Dot,A,R,0,0.25
2020-09-23,10,Dot,A,L,1,0.18
2020-09-23,11,Dot,A,R,0,3.22
2020-09-23,12,Dot,A,R,0,0.19
2020-09-23,13,Dot,B,R,1,0.28
2020-09-23,14,Dot,B,L,0,0.27
2020-09-23,15,Dot,B,R,1,0.25
2020-09-23,16,Dot,A,L,1,0.28
2020-09-23,17,Dot,B,R,1,0.23
2020-09-23,18,Dot,B,R,1,0.33
2020-09-23,19,Dot,A,R,0,0.19
2020-09-23,20,Dot,B,R,1,0.21
2020-09-23,21,Dot,A,L,1,0.2
2020-09-23,22,Dot,B,R,1,0.23
2020-09-23,23,Dot,A,L,1,0.21
2020-09-23,24,Dot,A,L,1,0.17
2020-09-23,25,Dot,A,R,0,0.25
2020-09-23,26,Dot,A,R,0,0.25
2020-09-23,27,Dot,B,R,1,0.23
2020-09-23,28,Dot,B,R,1,0.41
2020-09-23,29,Dot,A,R,0,0.23
2020-09-23,30,Dot,A,R,0,0.25
2020-09-23,31,Dot,A,R,0,0.27
2020-09-23,32,Dot,A,R,0,0.23
2020-09-23,33,Dot,B,R,1,0.23
2020-09-23,34,Dot,A,L,1,0.31
2020-09-23,35,Dot,B,R,1,0.28
2020-09-23,36,Dot,A,R,0,0.14
2020-09-23,37,Dot,B,R,1,0.29
2020-09-23,38,Dot,B,R,1,0.16
2020-09-23,39,Dot,A,L,1,0.22
2020-09-23,40,Dot,B,R,1,0.18
2020-09-23,41,Dot,B,R,1,0.28
2020-09-23,42,Dot,B,R,1,0.29
2020-09-23,43,Dot,A,L,1,0.43
2020-09-23,44,Dot,B,R,1,0.25
2020-09-23,45,Dot,A,R,0,0.26
2020-09-23,46,Dot,B,L,0,0.58
2020-09-23,47,Dot,B,R,1,0.22
2020-09-23,48,Dot,A,L,1,0.21
2020-09-23,49,Dot,A,L,1,0.18
2020-09-23,50,Dot,B,R,1,0.26
2020-09-23,51,Dot,A,L,1,0.21
2020-09-23,52,Dot,B,R,1,0.24
2020-09-23,53,Dot,A,L,1,0.28
2020-09-23,54,Dot,A,L,1,0.2
2020-09-23,55,Dot,B,R,1,0.32
2020-09-23,56,Dot,A,R,0,0.31
2020-09-23,57,Dot,B,R,1,0.19
2020-09-23,58,Dot,A,L,1,0.26
2020-09-23,59,Dot,B,R,1,0.19
2020-09-23,60,Dot,B,R,1,0.25
2020-09-23,61,Dot,A,L,1,0.26
2020-09-23,62,Dot,A,L,1,0.16
2020-09-23,63,Dot,B,R,1,0.33
2020-09-23,64,Dot,A,L,1,0.2
2020-09-23,65,Dot,B,L,0,0.17
2020-09-23,66,Dot,A,L,1,0.19
2020-09-23,67,Dot,A,L,1,0.26
2020-09-23,68,Dot,A,L,1,0.2
2020-09-23,69,Dot,B,R,1,0.31
2020-09-23,70,Dot,B,R,1,0.23
2020-09-23,71,Dot,A,L,1,0.64
2020-09-23,72,Dot,A,L,1,0.32
2020-09-23,73,Dot,A,L,1,0.39
2020-09-23,74,Dot,A,L,1,0.28
2020-09-23,75,Dot,B,R,1,0.4
2020-09-23,76,Dot,A,R,0,0.3
2020-09-23,77,Dot,A,L,1,0.22
2020-09-23,78,Dot,B,L,0,0.25
2020-09-23,79,Dot,B,R,1,0.44
2020-09-23,80,Dot,B,R,1,0.29
2020-09-24,1,Dot,B,R,1,0.22
2020-09-24,2,Dot,A,R,0,0.33
2020-09-24,3,Dot,A,R,0,0.31
2020-09-24,4,Dot,B,R,1,0.24
2020-09-24,5,Dot,B,R,1,0.32
2020-09-24,6,Dot,A,L,1,0.51
2020-09-24,7,Dot,A,L,1,0.31
2020-09-24,8,Dot,A,L,1,0.23
2020-09-24,9,Dot,B,R,1,0.22
2020-09-24,10,Dot,B,L,0,0.44
2020-09-24,11,Dot,B,L,0,0.26
2020-09-24,12,Dot,A,L,1,0.24
2020-09-24,13,Dot,A,R,0,0.19
2020-09-24,14,Dot,A,R,0,0.34
2020-09-24,15,Dot,A,R,0,0.21
2020-09-24,16,Dot,A,R,0,0.28
2020-09-24,17,Dot,B,R,1,0.17
2020-09-24,18,Dot,B,R,1,0.32
2020-09-24,19,Dot,B,R,1,0.17
2020-09-24,20,Dot,B,L,0,0.2
2020-09-24,21,Dot,B,R,1,0.57
2020-09-24,22,Dot,A,L,1,0.2
2020-09-24,23,Dot,A,L,1,0.19
2020-09-24,24,Dot,A,L,1,0.25
2020-09-24,25,Dot,A,L,1,0.3
2020-09-24,26,Dot,B,R,1,0.18
2020-09-24,27,Dot,A,L,1,0.18
2020-09-24,28,Dot,B,R,1,0.23
2020-09-24,29,Dot,A,L,1,0.19
2020-09-24,30,Dot,A,L,1,0.26
2020-09-24,31,Dot,B,R,1,0.27
2020-09-24,32,Dot,A,L,1,0.16
2020-09-24,33,Dot,B,R,1,0.37
2020-09-24,34,Dot,B,R,1,0.26
2020-09-24,35,Dot,A,L,1,0.23
2020-09-24,36,Dot,A,L,1,0.25
2020-09-24,37,Dot,A,L,1,0.22
2020-09-24,38,Dot,A,L,1,0.26
2020-09-24,39,Dot,B,R,1,0.27
2020-09-24,40,Dot,B,R,1,0.28
2020-09-24,41,Dot,A,L,1,0.38
2020-09-24,42,Dot,A,L,1,0.17
2020-09-24,43,Dot,B,L,0,0.4
2020-09-24,44,Dot,B,R,1,0.32
2020-09-24,45,Dot,B,R,1,0.23
2020-09-24,46,Dot,A,R,0,0.21
2020-09-24,47,Dot,B,R,1,0.21
2020-09-24,48,Dot,B,R,1,0.26
2020-09-24,49,Dot,B,R,1,0.21
2020-09-24,50,Dot,B,R,1,0.33
2020-09-24,51,Dot,B,R,1,0.32
2020-09-24,52,Dot,A,L,1,0.15
2020-09-24,53,Dot,A,L,1,0.27
2020-09-24,54,Dot,A,L,1,0.17
2020-09-24,55,Dot,B,L,0,0.39
2020-09-24,56,Dot,B,R,1,0.42
2020-09-24,57,Dot,A,L,1,0.24
2020-09-24,58,Dot,B,R,1,0.34
2020-09-24,59,Dot,B,R,1,0.13
2020-09-24,60,Dot,B,L,0,0.15
2020-09-24,61,Dot,B,R,1,0.27
2020-09-24,62,Dot,A,L,1,0.17
2020-09-24,63,Dot,B,R,1,0.27
2020-09-24,64,Dot,B,R,1,0.32
2020-09-24,65,Dot,B,R,1,0.29
2020-09-24,66,Dot,A,L,1,0.22
2020-09-24,67,Dot,A,L,1,0.17
2020-09-24,68,Dot,A,L,1,0.46
2020-09-24,69,Dot,B,R,1,0.41
2020-09-24,70,Dot,B,R,1,0.3
2020-09-24,71,Dot,B,R,1,0.31
2020-09-24,72,Dot,A,L,1,0.17
2020-09-24,73,Dot,A,L,1,0.36
2020-09-24,74,Dot,A,L,1,0.16
2020-09-24,75,Dot,A,R,0,0.29
2020-09-24,76,Dot,A,L,1,0.35
2020-09-24,77,Dot,A,L,1,0.27
2020-09-24,78,Dot,B,R,1,1.3
2020-09-24,79,Dot,B,L,0,0.37
2020-09-24,80,Dot,A,L,1,0.32
2020-09-25,1,Dot,B,R,1,0.29
2020-09-25,2,Dot,B,R,1,0.32
2020-09-25,3,Dot,B,R,1,0.21
2020-09-25,4,Dot,A,R,0,0.28
2020-09-25,5,Dot,B,R,1,0.38
2020-09-25,6,Dot,B,R,1,0.28
2020-09-25,7,Dot,A,L,1,0.59
2020-09-25,8,Dot,A,L,1,0.15
2020-09-25,9,Dot,B,L,0,0.73
2020-09-25,10,Dot,B,R,1,0.27
2020-09-25,11,Dot,B,R,1,0.2
2020-09-25,12,Dot,B,R,1,0.27
2020-09-25,13,Dot,B,R,1,0.33
2020-09-25,14,Dot,B,R,1,0.22
2020-09-25,15,Dot,A,R,0,0.48
2020-09-25,16,Dot,B,L,0,0.73
2020-09-25,17,Dot,B,R,1,0.33
2020-09-25,18,Dot,B,R,1,0.33
2020-09-25,19,Dot,A,L,1,0.22
2020-09-25,20,Dot,B,R,1,0.22
2020-09-25,21,Dot,B,R,1,0.27
2020-09-25,22,Dot,B,R,1,0.22
2020-09-25,23,Dot,A,R,0,0.3
2020-09-25,24,Dot,A,R,0,0.24
2020-09-25,25,Dot,A,R,0,0.18
2020-09-25,26,Dot,A,R,0,0.21
2020-09-25,27,Dot,A,L,1,0.15
2020-09-25,28,Dot,B,R,1,0.24
2020-09-25,29,Dot,A,L,1,0.25
2020-09-25,30,Dot,A,L,1,0.21
2020-09-25,31,Dot,A,L,1,0.21
2020-09-25,32,Dot,A,L,1,0.17
2020-09-25,33,Dot,B,R,1,0.34
2020-09-25,34,Dot,B,L,0,0.16
2020-09-25,35,Dot,A,L,1,0.25
2020-09-25,36,Dot,B,L,0,0.36
2020-09-25,37,Dot,A,L,1,0.27
2020-09-25,38,Dot,B,R,1,0.64
2020-09-25,39,Dot,A,L,1,0.18
2020-09-25,40,Dot,A,L,1,0.15
2020-09-25,41,Dot,A,L,1,0.14
2020-09-25,42,Dot,B,R,1,0.88
2020-09-25,43,Dot,B,R,1,0.26
2020-09-25,44,Dot,A,R,0,0.29
2020-09-25,45,Dot,B,R,1,0.21
2020-09-25,46,Dot,B,R,1,0.25
2020-09-25,47,Dot,B,R,1,0.4
2020-09-25,48,Dot,B,L,0,0.17
2020-09-25,49,Dot,B,R,1,0.23
2020-09-25,50,Dot,B,R,1,0.32
2020-09-25,51,Dot,B,R,1,0.32
2020-09-25,52,Dot,A,L,1,0.13
2020-09-25,53,Dot,A,L,1,0.3
2020-09-25,54,Dot,B,L,0,0.3
2020-09-25,55,Dot,B,R,1,0.3
2020-09-25,56,Dot,B,L,0,0.18
2020-09-25,57,Dot,B,R,1,0.28
2020-09-25,58,Dot,B,R,1,0.32
2020-09-25,59,Dot,A,L,1,0.17
2020-09-25,60,Dot,A,L,1,0.48
2020-09-25,61,Dot,A,L,1,0.18
2020-09-25,62,Dot,B,R,1,0.35
2020-09-25,63,Dot,B,R,1,0.26
2020-09-25,64,Dot,B,R,1,0.15
2020-09-25,65,Dot,B,R,1,0.22
2020-09-25,66,Dot,A,L,1,0.21
2020-09-25,67,Dot,A,L,1,0.2
2020-09-25,68,Dot,A,R,0,0.52
2020-09-25,69,Dot,A,L,1,0.39
2020-09-25,70,Dot,A,L,1,1.23
2020-09-25,71,Dot,A,L,1,0.23
2020-09-25,72,Dot,A,L,1,0.15
2020-09-25,73,Dot,A,L,1,0.18
2020-09-25,74,Dot,A,L,1,0.4
2020-09-25,75,Dot,A,L,1,0.29
2020-09-25,76,Dot,A,L,1,0.3
2020-09-25,77,Dot,A,L,1,0.19
2020-09-25,78,Dot,A,R,0,0.37
2020-09-25,79,Dot,A,L,1,0.3
2020-09-25,80,Dot,A,L,1,0.25
2020-09-26,1,Dot,B,R,1,0.54
2020-09-26,2,Dot,A,L,1,0.32
2020-09-26,3,Dot,A,L,1,1.14
2020-09-26,4,Dot,B,L,0,0.74
2020-09-26,5,Dot,A,L,1,0.18
2020-09-26,6,Dot,B,L,0,0.18
2020-09-26,7,Dot,B,L,0,0.49
2020-09-26,8,Dot,B,R,1,0.27
2020-09-26,9,Dot,B,R,1,0.22
2020-09-26,10,Dot,A,R,0,0.46
2020-09-26,11,Dot,B,R,1,0.22
2020-09-26,12,Dot,B,R,1,0.19
2020-09-26,13,Dot,B,R,1,0.24
2020-09-26,14,Dot,B,R,1,0.25
2020-09-26,15,Dot,A,L,1,0.25
2020-09-26,16,Dot,B,R,1,0.21
2020-09-26,17,Dot,B,R,1,0.3
2020-09-26,18,Dot,A,L,1,0.17
2020-09-26,19,Dot,A,L,1,0.31
2020-09-26,20,Dot,B,R,1,0.31
2020-09-26,21,Dot,B,R,1,0.24
2020-09-26,22,Dot,B,R,1,0.4
2020-09-26,23,Dot,B,R,1,0.35
2020-09-26,24,Dot,A,L,1,0.28
2020-09-26,25,Dot,A,L,1,0.28
2020-09-26,26,Dot,A,L,1,0.16
2020-09-26,27,Dot,A,L,1,0.2
2020-09-26,28,Dot,B,R,1,0.28
2020-09-26,29,Dot,B,L,0,0.4
2020-09-26,30,Dot,A,L,1,0.26
2020-09-26,31,Dot,A,L,1,0.22
2020-09-26,32,Dot,B,R,1,0.25
2020-09-26,33,Dot,A,L,1,0.26
2020-09-26,34,Dot,B,R,1,0.2
2020-09-26,35,Dot,B,R,1,0.23
2020-09-26,36,Dot,B,R,1,0.3
2020-09-26,37,Dot,A,L,1,0.18
2020-09-26,38,Dot,A,L,1,1.72
2020-09-26,39,Dot,B,L,0,0.3
2020-09-26,40,Dot,B,L,0,0.21
2020-09-26,41,Dot,A,R,0,0.46
2020-09-26,42,Dot,B,R,1,0.27
2020-09-26,43,Dot,B,R,1,0.21
2020-09-26,44,Dot,B,R,1,0.23
2020-09-26,45,Dot,A,L,1,0.22
2020-09-26,46,Dot,A,L,1,0.27
2020-09-26,47,Dot,B,R,1,0.26
2020-09-26,48,Dot,A,L,1,0.36
2020-09-26,49,Dot,B,R,1,0.22
2020-09-26,50,Dot,B,L,0,0.43
2020-09-26,51,Dot,A,L,1,0.18
2020-09-26,52,Dot,B,R,1,0.18
2020-09-26,53,Dot,B,R,1,0.22
2020-09-26,54,Dot,A,L,1,0.18
2020-09-26,55,Dot,B,R,1,0.23
2020-09-26,56,Dot,B,R,1,0.21
2020-09-26,57,Dot,B,R,1,0.23
2020-09-26,58,Dot,B,R,1,0.26
2020-09-26,59,Dot,B,R,1,0.31
2020-09-26,60,Dot,A,L,1,0.39
2020-09-26,61,Dot,A,L,1,0.24
2020-09-26,62,Dot,B,L,0,0.2
2020-09-26,63,Dot,B,L,0,0.29
2020-09-26,64,Dot,A,L,1,0.17
2020-09-26,65,Dot,A,L,1,0.48
2020-09-26,66,Dot,A,L,1,0.27
2020-09-26,67,Dot,B,R,1,0.36
2020-09-26,68,Dot,A,L,1,0.16
2020-09-26,69,Dot,A,L,1,0.39
2020-09-26,70,Dot,A,L,1,0.24
2020-09-26,71,Dot,A,L,1,0.3
2020-09-26,72,Dot,A,L,1,0.34
2020-09-26,73,Dot,A,L,1,0.5
2020-09-26,74,Dot,A,L,1,0.19
2020-09-26,75,Dot,A,L,1,0.31
2020-09-26,76,Dot,A,L,1,0.21
2020-09-26,77,Dot,A,L,1,0.46
2020-09-26,78,Dot,A,L,1,0.2
2020-09-26,79,Dot,A,L,1,0.16
2020-09-26,80,Dot,A,L,1,0.31
2020-09-28,1,Dot,B,R,1,0.41
2020-09-28,2,Dot,B,R,1,0.26
2020-09-28,3,Dot,A,L,1,0.67
2020-09-28,4,Dot,B,R,1,0.26
2020-09-28,5,Dot,A,L,1,0.23
2020-09-28,6,Dot,B,R,1,0.29
2020-09-28,7,Dot,A,L,1,0.48
2020-09-28,8,Dot,A,L,1,0.28
2020-09-28,9,Dot,B,R,1,0.28
2020-09-28,10,Dot,A,L,1,0.18
2020-09-28,11,Dot,A,L,1,0.18
2020-09-28,12,Dot,B,R,1,0.23
2020-09-28,13,Dot,B,R,1,0.24
2020-09-28,14,Dot,A,L,1,0.18
2020-09-28,15,Dot,B,R,1,0.25
2020-09-28,16,Dot,A,L,1,0.32
2020-09-28,17,Dot,A,L,1,0.19
2020-09-28,18,Dot,A,L,1,0.19
2020-09-28,19,Dot,A,L,1,0.26
2020-09-28,20,Dot,B,R,1,0.24
2020-09-28,21,Dot,A,L,1,0.17
2020-09-28,22,Dot,A,L,1,0.23
2020-09-28,23,Dot,B,R,1,0.23
2020-09-28,24,Dot,A,L,1,0.6
2020-09-28,25,Dot,A,L,1,0.22
2020-09-28,26,Dot,A,L,1,0.23
2020-09-28,27,Dot,B,R,1,0.29
2020-09-28,28,Dot,B,R,1,0.35
2020-09-28,29,Dot,A,L,1,0.25
2020-09-28,30,Dot,B,R,1,0.25
2020-09-28,31,Dot,A,L,1,0.21
2020-09-28,32,Dot,A,R,0,0.19
2020-09-28,33,Dot,B,R,1,0.35
2020-09-28,34,Dot,B,R,1,0.2
2020-09-28,35,Dot,B,R,1,0.21
2020-09-28,36,Dot,B,R,1,0.24
2020-09-28,37,Dot,A,L,1,0.2
2020-09-28,38,Dot,A,L,1,0.22
2020-09-28,39,Dot,A,L,1,0.21
2020-09-28,40,Dot,A,L,1,0.48
2020-09-28,41,Dot,A,L,1,0.36
2020-09-28,42,Dot,B,R,1,0.26
2020-09-28,43,Dot,B,R,1,0.27
2020-09-28,44,Dot,A,L,1,0.2
2020-09-28,45,Dot,A,L,1,0.22
2020-09-28,46,Dot,A,L,1,0.2
2020-09-28,47,Dot,A,L,1,0.18
2020-09-28,48,Dot,B,R,1,0.28
2020-09-28,49,Dot,A,L,1,0.32
2020-09-28,50,Dot,A,L,1,0.57
2020-09-28,51,Dot,A,L,1,0.24
2020-09-28,52,Dot,A,L,1,0.25
2020-09-28,53,Dot,A,L,1,0.28
2020-09-28,54,Dot,B,R,1,0.42
2020-09-28,55,Dot,A,R,0,0.48
2020-09-28,56,Dot,B,R,1,0.27
2020-09-28,57,Dot,B,R,1,0.29
2020-09-28,58,Dot,A,L,1,0.37
2020-09-28,59,Dot,B,R,1,0.28
2020-09-28,60,Dot,A,L,1,0.19
2020-09-28,61,Dot,A,L,1,0.57
2020-09-28,62,Dot,B,R,1,0.26
2020-09-28,63,Dot,B,R,1,0.24
2020-09-28,64,Dot,A,L,1,0.23
2020-09-28,65,Dot,B,R,1,0.23
2020-09-28,66,Dot,B,R,1,0.29
2020-09-28,67,Dot,B,L,0,0.2
2020-09-28,68,Dot,A,L,1,0.59
2020-09-28,69,Dot,B,R,1,0.14
2020-09-28,70,Dot,A,L,1,0.35
2020-09-28,71,Dot,B,R,1,0.33
2020-09-28,72,Dot,B,R,1,0.32
2020-09-28,73,Dot,B,R,1,0.26
2020-09-28,74,Dot,B,R,1,0.22
2020-09-28,75,Dot,B,R,1,0.26
2020-09-28,76,Dot,B,R,1,0.26
2020-09-28,77,Dot,B,R,1,0.29
2020-09-28,78,Dot,B,R,1,1.01
2020-09-28,79,Dot,B,R,1,0.3
2020-09-28,80,Dot,B,R,1,0.29
2020-09-29,1,Dot,B,R,1,0.24
2020-09-29,2,Dot,B,R,1,0.46
2020-09-29,3,Dot,A,R,0,0.63
2020-09-29,4,Dot,A,L,1,0.98
2020-09-29,5,Dot,A,L,1,0.17
2020-09-29,6,Dot,A,R,0,0.49
2020-09-29,7,Dot,A,L,1,0.19
2020-09-29,8,Dot,A,L,1,0.21
2020-09-29,9,Dot,A,L,1,0.27
2020-09-29,10,Dot,B,R,1,0.21
2020-09-29,11,Dot,A,L,1,0.17
2020-09-29,12,Dot,B,R,1,0.26
2020-09-29,13,Dot,A,L,1,0.25
2020-09-29,14,Dot,A,L,1,0.28
2020-09-29,15,Dot,B,R,1,0.21
2020-09-29,16,Dot,A,L,1,0.19
2020-09-29,17,Dot,B,R,1,0.23
2020-09-29,18,Dot,B,R,1,0.33
2020-09-29,19,Dot,A,L,1,0.39
2020-09-29,20,Dot,A,L,1,0.22
2020-09-29,21,Dot,A,L,1,0.2
2020-09-29,22,Dot,A,L,1,0.42
2020-09-29,23,Dot,A,R,0,0.19
2020-09-29,24,Dot,B,R,1,0.26
2020-09-29,25,Dot,A,L,1,0.35
2020-09-29,26,Dot,A,L,1,0.18
2020-09-29,27,Dot,B,L,0,0.45
2020-09-29,28,Dot,B,R,1,0.22
2020-09-29,29,Dot,A,L,1,0.19
2020-09-29,30,Dot,A,L,1,0.31
2020-09-29,31,Dot,A,L,1,0.18
2020-09-29,32,Dot,A,L,1,0.52
2020-09-29,33,Dot,A,L,1,0.15
2020-09-29,34,Dot,A,L,1,0.17
2020-09-29,35,Dot,B,R,1,0.41
2020-09-29,36,Dot,A,L,1,0.17
2020-09-29,37,Dot,B,R,1,0.24
2020-09-29,38,Dot,A,R,0,0.32
2020-09-29,39,Dot,A,L,1,0.22
2020-09-29,40,Dot,B,R,1,0.23
2020-09-29,41,Dot,A,L,1,0.33
2020-09-29,42,Dot,B,R,1,0.23
2020-09-29,43,Dot,A,L,1,0.26
2020-09-29,44,Dot,B,R,1,0.27
2020-09-29,45,Dot,A,L,1,0.33
2020-09-29,46,Dot,B,R,1,0.24
2020-09-29,47,Dot,A,L,1,0.18
2020-09-29,48,Dot,A,R,0,0.54
2020-09-29,49,Dot,B,R,1,0.34
2020-09-29,50,Dot,B,R,1,0.2
2020-09-29,51,Dot,A,L,1,0.19
2020-09-29,52,Dot,A,L,1,0.15
2020-09-29,53,Dot,A,L,1,0.43
2020-09-29,54,Dot,B,R,1,0.23
2020-09-29,55,Dot,A,L,1,0.16
2020-09-29,56,Dot,B,R,1,0.22
2020-09-29,57,Dot,B,R,1,0.47
2020-09-29,58,Dot,A,L,1,0.34
2020-09-29,59,Dot,A,L,1,0.5
2020-09-29,60,Dot,B,R,1,0.36
2020-09-29,61,Dot,B,R,1,0.24
2020-09-29,62,Dot,A,L,1,0.39
2020-09-29,63,Dot,A,L,1,0.18
2020-09-29,64,Dot,B,R,1,0.28
2020-09-29,65,Dot,B,R,1,0.29
2020-09-29,66,Dot,B,R,1,0.5
2020-09-29,67,Dot,B,R,1,0.29
2020-09-29,68,Dot,B,R,1,0.26
2020-09-29,69,Dot,B,R,1,0.42
2020-09-29,70,Dot,B,R,1,0.3
2020-09-29,71,Dot,B,R,1,0.29
2020-09-29,72,Dot,B,R,1,0.27
2020-09-29,73,Dot,B,R,1,0.24
2020-09-29,74,Dot,B,R,1,0.31
2020-09-29,75,Dot,B,R,1,0.29
2020-09-29,76,Dot,B,R,1,0.26
2020-09-29,77,Dot,B,R,1,0.44
2020-09-29,78,Dot,B,R,1,0.43
2020-09-29,79,Dot,B,R,1,0.44
2020-09-29,80,Dot,B,R,1,0.52
2020-10-01,1,Dot,B,L,0,3.73
2020-10-01,2,Dot,B,R,1,0.58
2020-10-01,3,Dot,A,L,1,0.17
2020-10-01,4,Dot,B,R,1,2.96
2020-10-01,5,Dot,B,R,1,0.18
2020-10-01,6,Dot,B,R,1,0.3
2020-10-01,7,Dot,A,L,1,0.22
2020-10-01,8,Dot,B,R,1,0.25
2020-10-01,9,Dot,B,R,1,0.51
2020-10-01,10,Dot,A,L,1,0.33
2020-10-01,11,Dot,A,L,1,0.29
2020-10-01,12,Dot,A,L,1,0.2
2020-10-01,13,Dot,A,L,1,0.13
2020-10-01,14,Dot,A,L,1,0.26
2020-10-01,15,Dot,A,L,1,0.2
2020-10-01,16,Dot,A,L,1,0.17
2020-10-01,17,Dot,B,R,1,0.22
2020-10-01,18,Dot,B,R,1,0.21
2020-10-01,19,Dot,B,R,1,0.24
2020-10-01,20,Dot,A,L,1,0.14
2020-10-01,21,Dot,B,R,1,0.62
2020-10-01,22,Dot,A,L,1,0.21
2020-10-01,23,Dot,B,L,0,0.17
2020-10-01,24,Dot,B,R,1,0.29
2020-10-01,25,Dot,A,L,1,0.44
2020-10-01,26,Dot,B,R,1,0.3
2020-10-01,27,Dot,A,R,0,0.25
2020-10-01,28,Dot,B,R,1,0.28
2020-10-01,29,Dot,A,R,0,0.27
2020-10-01,30,Dot,B,R,1,0.42
2020-10-01,31,Dot,B,R,1,0.25
2020-10-01,32,Dot,B,R,1,0.32
2020-10-01,33,Dot,B,R,1,0.4
2020-10-01,34,Dot,A,L,1,0.16
2020-10-01,35,Dot,A,L,1,0.17
2020-10-01,36,Dot,A,L,1,0.15
2020-10-01,37,Dot,A,R,0,0.16
2020-10-01,38,Dot,A,L,1,0.22
2020-10-01,39,Dot,A,L,1,0.29
2020-10-01,40,Dot,A,L,1,0.24
2020-10-01,41,Dot,B,R,1,0.2
2020-10-01,42,Dot,B,R,1,0.22
2020-10-01,43,Dot,B,R,1,0.39
2020-10-01,44,Dot,A,L,1,0.48
2020-10-01,45,Dot,A,L,1,0.17
2020-10-01,46,Dot,B,L,0,0.32
2020-10-01,47,Dot,A,L,1,0.2
2020-10-01,48,Dot,A,R,0,0.25
2020-10-01,49,Dot,B,R,1,0.41
2020-10-01,50,Dot,A,L,1,0.29
2020-10-01,51,Dot,A,L,1,0.18
2020-10-01,52,Dot,A,L,1,0.22
2020-10-01,53,Dot,B,R,1,0.34
2020-10-01,54,Dot,B,R,1,0.33
2020-10-01,55,Dot,B,R,1,0.51
2020-10-01,56,Dot,A,L,1,0.16
2020-10-01,57,Dot,A,R,0,0.35
2020-10-01,58,Dot,A,R,0,0.19
2020-10-01,59,Dot,B,R,1,0.26
2020-10-01,60,Dot,A,L,1,0.48
2020-10-01,61,Dot,A,L,1,0.21
2020-10-01,62,Dot,B,L,0,0.14
2020-10-01,63,Dot,B,R,1,0.25
2020-10-01,64,Dot,B,R,1,0.28
2020-10-01,65,Dot,B,R,1,0.58
2020-10-01,66,Dot,A,L,1,0.43
2020-10-01,67,Dot,B,R,1,0.19
2020-10-01,68,Dot,B,R,1,0.19
2020-10-01,69,Dot,B,R,1,0.21
2020-10-01,70,Dot,A,L,1,3.86
2020-10-01,71,Dot,A,L,1,0.39
2020-10-01,72,Dot,B,R,1,0.34
2020-10-01,73,Dot,A,L,1,0.2
2020-10-01,74,Dot,A,L,1,0.15
2020-10-01,75,Dot,B,R,1,0.4
2020-10-01,76,Dot,B,R,1,0.27
2020-10-01,77,Dot,B,R,1,0.31
2020-10-01,78,Dot,A,L,1,0.48
2020-10-01,79,Dot,A,L,1,0.16
2020-10-01,80,Dot,B,L,0,0.54
2020-10-02,1,Dot,A,L,1,0.23
2020-10-02,2,Dot,A,L,1,0.18
2020-10-02,3,Dot,A,L,1,0.34
2020-10-02,4,Dot,A,L,1,0.19
2020-10-02,5,Dot,B,L,0,0.39
2020-10-02,6,Dot,A,L,1,0.19
2020-10-02,7,Dot,B,R,1,0.2
2020-10-02,8,Dot,B,R,1,0.45
2020-10-02,9,Dot,B,R,1,0.52
2020-10-02,10,Dot,A,L,1,0.16
2020-10-02,11,Dot,A,L,1,0.12
2020-10-02,12,Dot,B,R,1,0.59
2020-10-02,13,Dot,B,R,1,0.38
2020-10-02,14,Dot,B,R,1,0.19
2020-10-02,15,Dot,A,L,1,0.17
2020-10-02,16,Dot,B,R,1,0.26
2020-10-02,17,Dot,B,R,1,0.39
2020-10-02,18,Dot,A,L,1,0.58
2020-10-02,19,Dot,B,L,0,0.17
2020-10-02,20,Dot,A,L,1,0.26
2020-10-02,21,Dot,B,R,1,0.4
2020-10-02,22,Dot,B,R,1,0.23
2020-10-02,23,Dot,B,L,0,0.48
2020-10-02,24,Dot,B,R,1,0.3
2020-10-02,25,Dot,A,L,1,0.18
2020-10-02,26,Dot,A,R,0,0.47
2020-10-02,27,Dot,B,R,1,0.3
2020-10-02,28,Dot,B,R,1,0.24
2020-10-02,29,Dot,A,L,1,0.28
2020-10-02,30,Dot,A,L,1,0.28
2020-10-02,31,Dot,B,R,1,0.23
2020-10-02,32,Dot,B,R,1,0.24
2020-10-02,33,Dot,A,L,1,0.18
2020-10-02,34,Dot,B,R,1,0.4
2020-10-02,35,Dot,B,R,1,0.24
2020-10-02,36,Dot,B,R,1,0.31
2020-10-02,37,Dot,A,L,1,0.2
2020-10-02,38,Dot,A,L,1,0.28
2020-10-02,39,Dot,B,R,1,0.23
2020-10-02,40,Dot,B,R,1,0.58
2020-10-02,41,Dot,B,R,1,0.26
2020-10-02,42,Dot,A,R,0,0.2
2020-10-02,43,Dot,A,L,1,0.47
2020-10-02,44,Dot,B,R,1,0.25
2020-10-02,45,Dot,A,L,1,0.31
2020-10-02,46,Dot,B,R,1,0.34
2020-10-02,47,Dot,B,R,1,0.32
2020-10-02,48,Dot,B,R,1,0.39
2020-10-02,49,Dot,B,R,1,0.22
2020-10-02,50,Dot,B,R,1,0.32
2020-10-02,51,Dot,B,R,1,0.26
2020-10-02,52,Dot,B,R,1,0.31
2020-10-02,53,Dot,A,L,1,0.24
2020-10-02,54,Dot,A,L,1,0.35
2020-10-02,55,Dot,B,R,1,0.64
2020-10-02,56,Dot,A,L,1,0.18
2020-10-02,57,Dot,A,L,1,0.57
2020-10-02,58,Dot,B,R,1,0.23
2020-10-02,59,Dot,A,L,1,0.15
2020-10-02,60,Dot,B,R,1,0.25
2020-10-02,61,Dot,A,L,1,0.31
2020-10-02,62,Dot,A,L,1,0.22
2020-10-02,63,Dot,A,L,1,0.26
2020-10-02,64,Dot,B,R,1,0.34
2020-10-02,65,Dot,B,R,1,0.27
2020-10-02,66,Dot,B,R,1,0.22
2020-10-02,67,Dot,A,L,1,0.18
2020-10-02,68,Dot,B,R,1,0.41
2020-10-02,69,Dot,B,R,1,0.31
2020-10-02,70,Dot,A,L,1,0.43
2020-10-02,71,Dot,A,L,1,0.24
2020-10-02,72,Dot,A,L,1,0.19
2020-10-02,73,Dot,A,L,1,0.67
2020-10-02,74,Dot,A,L,1,0.27
2020-10-02,75,Dot,A,L,1,0.19
2020-10-02,76,Dot,A,L,1,0.35
2020-10-02,77,Dot,A,L,1,0.19
2020-10-02,78,Dot,A,L,1,0.42
2020-10-02,79,Dot,A,L,1,0.31
2020-10-02,80,Dot,A,L,1,0.38
2020-10-06,1,Dot,A,L,1,0.15
2020-10-06,2,Dot,B,R,1,0.38
2020-10-06,3,Dot,B,R,1,0.28
2020-10-06,4,Dot,B,R,1,0.48
2020-10-06,5,Dot,A,L,1,0.49
2020-10-06,6,Dot,B,R,1,0.32
2020-10-06,7,Dot,B,R,1,0.49
2020-10-06,8,Dot,A,L,1,0.24
2020-10-06,9,Dot,B,R,1,0.24
2020-10-06,10,Dot,B,R,1,0.47
2020-10-06,11,Dot,B,R,1,0.26
2020-10-06,12,Dot,A,L,1,0.34
2020-10-06,13,Dot,B,R,1,0.36
2020-10-06,14,Dot,B,R,1,0.37
2020-10-06,15,Dot,A,L,1,0.25
2020-10-06,16,Dot,B,R,1,0.31
2020-10-06,17,Dot,B,R,1,0.23
2020-10-06,18,Dot,B,R,1,0.33
2020-10-06,19,Dot,A,L,1,0.23
2020-10-06,20,Dot,B,R,1,0.61
2020-10-06,21,Dot,A,L,1,0.43
2020-10-06,22,Dot,B,R,1,0.23
2020-10-06,23,Dot,A,L,1,0.21
2020-10-06,24,Dot,A,R,0,0.24
2020-10-06,25,Dot,A,L,1,0.34
2020-10-06,26,Dot,B,R,1,0.44
2020-10-06,27,Dot,A,L,1,0.19
2020-10-06,28,Dot,B,R,1,0.21
2020-10-06,29,Dot,A,L,1,0.16
2020-10-06,30,Dot,A,L,1,0.2
2020-10-06,31,Dot,A,L,1,0.35
2020-10-06,32,Dot,A,L,1,0.25
2020-10-06,33,Dot,B,R,1,0.29
2020-10-06,34,Dot,A,L,1,0.31
2020-10-06,35,Dot,B,R,1,0.5
2020-10-06,36,Dot,B,R,1,0.16
2020-10-06,37,Dot,B,R,1,0.28
2020-10-06,38,Dot,A,L,1,0.16
2020-10-06,39,Dot,A,L,1,0.44
2020-10-06,40,Dot,A,R,0,0.24
2020-10-06,41,Dot,A,L,1,0.19
2020-10-06,42,Dot,B,R,1,0.9
2020-10-06,43,Dot,B,R,1,0.43
2020-10-06,44,Dot,B,R,1,0.29
2020-10-06,45,Dot,A,L,1,0.53
2020-10-06,46,Dot,B,R,1,0.29
2020-10-06,47,Dot,B,R,1,0.39
2020-10-06,48,Dot,B,R,1,0.26
2020-10-06,49,Dot,A,L,1,0.29
2020-10-06,50,Dot,B,R,1,0.35
2020-10-06,51,Dot,A,L,1,0.26
2020-10-06,52,Dot,B,R,1,0.58
2020-10-06,53,Dot,A,L,1,0.53
2020-10-06,54,Dot,B,R,1,0.26
2020-10-06,55,Dot,B,R,1,0.32
2020-10-06,56,Dot,B,R,1,0.36
2020-10-06,57,Dot,A,L,1,0.18
2020-10-06,58,Dot,A,L,1,0.3
2020-10-06,59,Dot,A,L,1,0.21
2020-10-06,60,Dot,A,L,1,0.39
2020-10-06,61,Dot,A,L,1,0.56
2020-10-06,62,Dot,A,L,1,0.2
2020-10-06,63,Dot,B,R,1,0.32
2020-10-06,64,Dot,B,R,1,0.35
2020-10-06,65,Dot,B,R,1,0.54
2020-10-06,66,Dot,A,R,0,0.41
2020-10-06,67,Dot,A,L,1,0.36
2020-10-06,68,Dot,B,R,1,0.31
2020-10-06,69,Dot,A,L,1,0.22
2020-10-06,70,Dot,B,R,1,0.61
2020-10-06,71,Dot,A,L,1,0.37
2020-10-06,72,Dot,B,R,1,0.4
2020-10-06,73,Dot,B,R,1,0.66
2020-10-06,74,Dot,A,R,0,0.92
2020-10-06,75,Dot,B,R,1,0.22
2020-10-06,76,Dot,A,L,1,0.2
2020-10-06,77,Dot,A,L,1,0.38
2020-10-06,78,Dot,A,L,1,0.45
2020-10-06,79,Dot,A,L,1,0.41
2020-10-06,80,Dot,A,L,1,0.34
2020-10-07,1,Dot,A,L,1,0.79
2020-10-07,2,Dot,B,R,1,0.36
2020-10-07,3,Dot,B,R,1,0.24
2020-10-07,4,Dot,B,R,1,0.62
2020-10-07,5,Dot,B,R,1,0.45
2020-10-07,6,Dot,A,L,1,0.31
2020-10-07,7,Dot,B,R,1,0.35
2020-10-07,8,Dot,A,L,1,0.21
2020-10-07,9,Dot,A,L,1,0.21
2020-10-07,10,Dot,B,R,1,0.35
2020-10-07,11,Dot,B,R,1,0.32
2020-10-07,12,Dot,A,L,1,0.4
2020-10-07,13,Dot,B,R,1,0.69
2020-10-07,14,Dot,A,L,1,0.39
2020-10-07,15,Dot,B,R,1,0.26
2020-10-07,16,Dot,A,L,1,0.2
2020-10-07,17,Dot,A,L,1,0.2
2020-10-07,18,Dot,A,L,1,0.26
2020-10-07,19,Dot,A,L,1,0.27
2020-10-07,20,Dot,B,R,1,0.53
2020-10-07,21,Dot,A,L,1,0.25
2020-10-07,22,Dot,A,L,1,0.23
2020-10-07,23,Dot,A,R,0,0.48
2020-10-07,24,Dot,A,L,1,0.18
2020-10-07,25,Dot,A,L,1,0.25
2020-10-07,26,Dot,B,L,0,0.2
2020-10-07,27,Dot,A,L,1,0.2
2020-10-07,28,Dot,B,R,1,0.58
2020-10-07,29,Dot,B,R,1,0.55
2020-10-07,30,Dot,B,R,1,0.25
2020-10-07,31,Dot,A,R,0,0.25
2020-10-07,32,Dot,A,L,1,0.25
2020-10-07,33,Dot,A,L,1,0.2
2020-10-07,34,Dot,A,L,1,0.18
2020-10-07,35,Dot,A,L,1,0.19
2020-10-07,36,Dot,A,L,1,0.44
2020-10-07,37,Dot,A,L,1,0.24
2020-10-07,38,Dot,A,L,1,0.31
2020-10-07,39,Dot,A,L,1,0.26
2020-10-07,40,Dot,A,L,1,0.46
2020-10-07,41,Dot,A,L,1,0.21
2020-10-07,42,Dot,A,L,1,0.69
2020-10-07,43,Dot,A,L,1,0.19
2020-10-07,44,Dot,A,R,0,0.32
2020-10-07,45,Dot,B,R,1,0.19
2020-10-07,46,Dot,B,R,1,0.66
2020-10-07,47,Dot,B,R,1,0.41
2020-10-07,48,Dot,A,R,0,0.61
2020-10-07,49,Dot,B,R,1,0.24
2020-10-07,50,Dot,B,R,1,0.22
2020-10-07,51,Dot,B,R,1,0.76
2020-10-07,52,Dot,B,R,1,0.44
2020-10-07,53,Dot,B,R,1,0.29
2020-10-07,54,Dot,B,R,1,0.46
2020-10-07,55,Dot,B,R,1,0.28
2020-10-07,56,Dot,A,L,1,0.42
2020-10-07,57,Dot,B,R,1,0.23
2020-10-07,58,Dot,B,R,1,0.61
2020-10-07,59,Dot,A,R,0,0.88
2020-10-07,60,Dot,A,L,1,0.26
2020-10-07,61,Dot,B,R,1,0.69
2020-10-07,62,Dot,B,R,1,0.24
2020-10-07,63,Dot,B,R,1,0.43
2020-10-07,64,Dot,A,L,1,0.36
2020-10-07,65,Dot,A,L,1,0.21
2020-10-07,66,Dot,A,L,1,0.28
2020-10-07,67,Dot,B,R,1,0.3
2020-10-07,68,Dot,A,L,1,0.26
2020-10-07,69,Dot,A,L,1,0.46
2020-10-07,70,Dot,A,L,1,0.43
2020-10-07,71,Dot,B,R,1,0.28
2020-10-07,72,Dot,B,R,1,0.27
2020-10-07,73,Dot,B,R,1,0.39
2020-10-07,74,Dot,B,R,1,0.28
2020-10-07,75,Dot,B,R,1,0.29
2020-10-07,76,Dot,B,R,1,0.27
2020-10-07,77,Dot,B,R,1,0.5
2020-10-07,78,Dot,B,R,1,0.63
2020-10-07,79,Dot,B,R,1,0.26
2020-10-07,80,Dot,B,R,1,0.48
2020-10-08,1,Dot,A,L,1,0.15
2020-10-08,2,Dot,A,L,1,0.19
2020-10-08,3,Dot,B,R,1,0.22
2020-10-08,4,Dot,A,L,1,0.18
2020-10-08,5,Dot,A,L,1,0.32
2020-10-08,6,Dot,A,L,1,0.23
2020-10-08,7,Dot,B,R,1,0.43
2020-10-08,8,Dot,A,L,1,0.21
2020-10-08,9,Dot,B,R,1,0.43
2020-10-08,10,Dot,B,R,1,0.23
2020-10-08,11,Dot,A,L,1,0.21
2020-10-08,12,Dot,B,R,1,0.23
2020-10-08,13,Dot,A,R,0,0.56
2020-10-08,14,Dot,A,L,1,0.19
2020-10-08,15,Dot,B,R,1,0.19
2020-10-08,16,Dot,A,L,1,0.24
2020-10-08,17,Dot,B,R,1,0.5
2020-10-08,18,Dot,B,R,1,0.28
2020-10-08,19,Dot,A,L,1,0.35
2020-10-08,20,Dot,B,R,1,0.29
2020-10-08,21,Dot,A,R,0,0.35
2020-10-08,22,Dot,A,L,1,0.22
2020-10-08,23,Dot,A,L,1,0.36
2020-10-08,24,Dot,B,R,1,0.25
2020-10-08,25,Dot,A,L,1,0.3
2020-10-08,26,Dot,B,R,1,0.35
2020-10-08,27,Dot,A,L,1,0.22
2020-10-08,28,Dot,A,L,1,0.45
2020-10-08,29,Dot,A,L,1,0.39
2020-10-08,30,Dot,B,R,1,0.21
2020-10-08,31,Dot,B,R,1,0.22
2020-10-08,32,Dot,A,L,1,0.41
2020-10-08,33,Dot,A,R,0,1.33
2020-10-08,34,Dot,B,R,1,1.22
2020-10-08,35,Dot,B,R,1,0.32
2020-10-08,36,Dot,A,L,1,0.33
2020-10-08,37,Dot,A,R,0,0.38
2020-10-08,38,Dot,A,L,1,0.26
2020-10-08,39,Dot,A,L,1,0.31
2020-10-08,40,Dot,A,L,1,0.21
2020-10-08,41,Dot,B,R,1,0.21
2020-10-08,42,Dot,A,L,1,0.38
2020-10-08,43,Dot,B,R,1,0.34
2020-10-08,44,Dot,B,R,1,0.21
2020-10-08,45,Dot,B,R,1,0.43
2020-10-08,46,Dot,B,R,1,1.06
2020-10-08,47,Dot,A,L,1,0.46
2020-10-08,48,Dot,B,R,1,0.29
2020-10-08,49,Dot,A,L,1,0.64
2020-10-08,50,Dot,A,L,1,0.2
2020-10-08,51,Dot,A,L,1,0.54
2020-10-08,52,Dot,B,R,1,0.22
2020-10-08,53,Dot,A,L,1,0.31
2020-10-08,54,Dot,B,R,1,0.33
2020-10-08,55,Dot,B,R,1,0.37
2020-10-08,56,Dot,A,L,1,0.28
2020-10-08,57,Dot,A,L,1,0.47
2020-10-08,58,Dot,B,R,1,0.59
2020-10-08,59,Dot,A,L,1,0.18
2020-10-08,60,Dot,B,R,1,0.43
2020-10-08,61,Dot,A,L,1,0.89
2020-10-08,62,Dot,A,L,1,0.32
2020-10-08,63,Dot,A,L,1,0.16
2020-10-08,64,Dot,A,L,1,0.26
2020-10-08,65,Dot,A,L,1,0.26
2020-10-08,66,Dot,B,R,1,0.22
2020-10-08,67,Dot,B,L,0,0.46
2020-10-08,68,Dot,A,L,1,0.37
2020-10-08,69,Dot,B,R,1,0.26
2020-10-08,70,Dot,B,R,1,0.31
2020-10-08,71,Dot,B,R,1,0.42
2020-10-08,72,Dot,B,R,1,0.32
2020-10-08,73,Dot,B,R,1,0.34
2020-10-08,74,Dot,B,R,1,0.43
2020-10-08,75,Dot,B,R,1,0.3
2020-10-08,76,Dot,B,R,1,0.19
2020-10-08,77,Dot,B,R,1,0.34
2020-10-08,78,Dot,B,R,1,0.33
2020-10-08,79,Dot,B,R,1,0.24
2020-10-08,80,Dot,B,L,0,0.2
2020-10-09,1,Dot,A,L,1,0.18
2020-10-09,2,Dot,A,L,1,0.21
2020-10-09,3,Dot,B,L,0,5.98
2020-10-09,4,Dot,B,R,1,0.43
2020-10-09,5,Dot,A,R,0,0.26
2020-10-09,6,Dot,A,L,1,0.18
2020-10-09,7,Dot,B,R,1,0.24
2020-10-09,8,Dot,A,L,1,0.23
2020-10-09,9,Dot,B,R,1,0.27
2020-10-09,10,Dot,A,L,1,0.24
2020-10-09,11,Dot,A,L,1,0.3
2020-10-09,12,Dot,A,L,1,0.27
2020-10-09,13,Dot,A,L,1,0.31
2020-10-09,14,Dot,B,R,1,0.17
2020-10-09,15,Dot,A,R,0,0.4
2020-10-09,16,Dot,A,L,1,0.19
2020-10-09,17,Dot,B,R,1,0.27
2020-10-09,18,Dot,A,R,0,0.41
2020-10-09,19,Dot,A,L,1,0.19
2020-10-09,20,Dot,B,R,1,0.27
2020-10-09,21,Dot,B,R,1,0.64
2020-10-09,22,Dot,A,L,1,0.36
2020-10-09,23,Dot,B,R,1,0.55
2020-10-09,24,Dot,B,R,1,0.25
2020-10-09,25,Dot,B,R,1,0.42
2020-10-09,26,Dot,B,R,1,0.19
2020-10-09,27,Dot,A,L,1,0.19
2020-10-09,28,Dot,B,R,1,0.48
2020-10-09,29,Dot,A,L,1,0.61
2020-10-09,30,Dot,B,R,1,0.3
2020-10-09,31,Dot,B,R,1,0.33
2020-10-09,32,Dot,B,R,1,0.28
2020-10-09,33,Dot,B,R,1,0.41
2020-10-09,34,Dot,B,R,1,0.43
2020-10-09,35,Dot,B,R,1,0.3
2020-10-09,36,Dot,A,L,1,0.19
2020-10-09,37,Dot,A,L,1,0.21
2020-10-09,38,Dot,B,R,1,0.26
2020-10-09,39,Dot,B,R,1,0.6
2020-10-09,40,Dot,A,L,1,0.31
2020-10-09,41,Dot,A,L,1,0.19
2020-10-09,42,Dot,A,L,1,0.81
2020-10-09,43,Dot,B,R,1,0.25
2020-10-09,44,Dot,A,L,1,0.26
2020-10-09,45,Dot,A,L,1,0.42
2020-10-09,46,Dot,A,L,1,0.25
2020-10-09,47,Dot,B,R,1,0.69
2020-10-09,48,Dot,A,L,1,0.32
2020-10-09,49,Dot,A,L,1,0.25
2020-10-09,50,Dot,A,L,1,0.35
2020-10-09,51,Dot,A,L,1,0.26
2020-10-09,52,Dot,B,R,1,0.41
2020-10-09,53,Dot,A,L,1,0.31
2020-10-09,54,Dot,B,R,1,0.21
2020-10-09,55,Dot,A,L,1,0.54
2020-10-09,56,Dot,A,L,1,0.26
2020-10-09,57,Dot,A,L,1,0.35
2020-10-09,58,Dot,A,L,1,0.25
2020-10-09,59,Dot,A,L,1,0.39
2020-10-09,60,Dot,B,R,1,0.2
2020-10-09,61,Dot,B,R,1,0.33
2020-10-09,62,Dot,B,R,1,0.39
2020-10-09,63,Dot,B,R,1,0.95
2020-10-09,64,Dot,B,R,1,0.3
2020-10-09,65,Dot,A,L,1,0.29
2020-10-09,66,Dot,A,L,1,0.43
2020-10-09,67,Dot,B,R,1,0.28
2020-10-09,68,Dot,B,R,1,0.22
2020-10-09,69,Dot,A,L,1,0.46
2020-10-09,70,Dot,A,L,1,0.45
2020-10-09,71,Dot,A,L,1,0.37
2020-10-09,72,Dot,B,R,1,0.46
2020-10-09,73,Dot,A,L,1,0.34
2020-10-09,74,Dot,B,R,1,0.21
2020-10-09,75,Dot,B,R,1,0.32
2020-10-09,76,Dot,B,R,1,0.28
2020-10-09,77,Dot,B,R,1,0.23
2020-10-09,78,Dot,B,R,1,0.51
2020-10-09,79,Dot,B,R,1,0.34
2020-10-09,80,Dot,B,R,1,0.4
2020-10-10,1,Dot,B,R,1,0.6
2020-10-10,2,Dot,A,L,1,0.18
2020-10-10,3,Dot,B,R,1,0.33
2020-10-10,4,Dot,A,L,1,0.24
2020-10-10,5,Dot,A,R,0,0.31
2020-10-10,6,Dot,A,R,0,0.26
2020-10-10,7,Dot,A,L,1,0.19
2020-10-10,8,Dot,A,R,0,0.36
2020-10-10,9,Dot,A,L,1,0.18
2020-10-10,10,Dot,A,L,1,0.45
2020-10-10,11,Dot,B,R,1,0.23
2020-10-10,12,Dot,A,R,0,0.2
2020-10-10,13,Dot,B,R,1,0.83
2020-10-10,14,Dot,A,L,1,0.25
2020-10-10,15,Dot,A,L,1,0.32
2020-10-10,16,Dot,A,L,1,0.31
2020-10-10,17,Dot,A,R,0,0.49
2020-10-10,18,Dot,B,R,1,0.52
2020-10-10,19,Dot,A,L,1,0.18
2020-10-10,20,Dot,B,R,1,0.51
2020-10-10,21,Dot,A,L,1,0.43
2020-10-10,22,Dot,A,L,1,0.27
2020-10-10,23,Dot,A,L,1,0.28
2020-10-10,24,Dot,B,R,1,0.21
2020-10-10,25,Dot,A,L,1,0.31
2020-10-10,26,Dot,B,R,1,0.21
2020-10-10,27,Dot,A,L,1,0.17
2020-10-10,28,Dot,B,R,1,0.5
2020-10-10,29,Dot,B,R,1,0.45
2020-10-10,30,Dot,A,L,1,0.48
2020-10-10,31,Dot,A,L,1,0.36
2020-10-10,32,Dot,B,R,1,0.49
2020-10-10,33,Dot,B,R,1,0.45
2020-10-10,34,Dot,B,R,1,0.3
2020-10-10,35,Dot,A,L,1,0.31
2020-10-10,36,Dot,B,R,1,0.4
2020-10-10,37,Dot,B,R,1,0.57
2020-10-10,38,Dot,A,L,1,0.49
2020-10-10,39,Dot,A,L,1,0.22
2020-10-10,40,Dot,A,L,1,0.36
2020-10-10,41,Dot,B,R,1,0.86
2020-10-10,42,Dot,B,R,1,0.27
2020-10-10,43,Dot,A,L,1,0.28
2020-10-10,44,Dot,B,R,1,0.26
2020-10-10,45,Dot,B,R,1,0.31
2020-10-10,46,Dot,A,L,1,0.24
2020-10-10,47,Dot,A,L,1,0.24
2020-10-10,48,Dot,B,R,1,0.39
2020-10-10,49,Dot,B,R,1,0.26
2020-10-10,50,Dot,A,L,1,0.22
2020-10-10,51,Dot,B,R,1,0.32
2020-10-10,52,Dot,B,R,1,0.24
2020-10-10,53,Dot,B,R,1,0.33
2020-10-10,54,Dot,B,R,1,0.5
2020-10-10,55,Dot,B,R,1,0.19
2020-10-10,56,Dot,B,R,1,0.32
2020-10-10,57,Dot,B,R,1,0.25
2020-10-10,58,Dot,B,R,1,0.53
2020-10-10,59,Dot,A,L,1,0.22
2020-10-10,60,Dot,A,L,1,0.79
2020-10-10,61,Dot,B,R,1,0.36
2020-10-10,62,Dot,B,R,1,0.42
2020-10-10,63,Dot,B,R,1,0.66
2020-10-10,64,Dot,A,L,1,0.46
2020-10-10,65,Dot,B,R,1,0.19
2020-10-10,66,Dot,B,R,1,0.44
2020-10-10,67,Dot,A,L,1,0.25
2020-10-10,68,Dot,B,R,1,0.29
2020-10-10,69,Dot,B,R,1,0.32
2020-10-10,70,Dot,A,R,0,0.25
2020-10-10,71,Dot,B,R,1,0.42
2020-10-10,72,Dot,B,R,1,0.33
2020-10-10,73,Dot,B,R,1,0.34
2020-10-10,74,Dot,A,R,0,0.78
2020-10-10,75,Dot,A,L,1,0.2
2020-10-10,76,Dot,B,R,1,0.4
2020-10-10,77,Dot,A,L,1,0.28
2020-10-10,78,Dot,A,L,1,0.32
2020-10-10,79,Dot,A,L,1,0.43
2020-10-10,80,Dot,A,L,1,0.23
